id_perfil;clase;lugares
22B26HOLDYAOPWLAOCUGEN5D2M;USA only;Texas
22O4KVQBPNQ7SJAGFRY2AX6DCM;Non-USA;Aberdeen
22Y52BXPQSB76RCMITNYDQIKPE;Non-USA;bayombong, nueva vizcaya
237QJHIYQ4GOLQ476ST7KC56XM;Non-USA;Cambridge,UK
244SBZROHU36E3FIGTHXQCPBO4;Non-USA;ireland
24SECROBK5UTRCF7IBTXMIX3UU;USA only;Dallas,Texas
24ZTL4UDO7IDFU3UHNIWOHXYR4;USA only;Houston,Texas
25TPFTKLCE43L7TGCHP2BFG6LE;Non-USA;London
264KGURKHKVTIEX2K6ZNFMTDOE;Undetermined;none
26OWI6Y3CUQJDSXSBLHBY5DDK4;USA only;Idaho
27BBJH7Z5XVW7ASSK3S6IZ4YEY;Undetermined;none
27L7MBFGASYAQRJKASMOGX72QM;Undetermined;none
27TPQMH7VX7IEGCULJCHK4X474;Undetermined;none
27TRHVICYWAUYLCNUWEZJKV6YY;Undetermined;none
2AZIVFWV4IJIYTJOMKKATGLWRM;Undetermined;none
2BCV6XZZQVKHQUG2CRUSBMDMKU;USA only;Florida
2BP7CY5LIYMGIYOKOFPEFXUGXE;USA only;Alabama
2BXEMLKCA32D6QTBCZZWUJOX4M;Undetermined;none
2COLYOMBRJ5WVNRNPBBG6PLK7A;USA only;New York
2E733ZTBAD4IJS2NDEMLVTF7Q4;Undetermined;none
2EMH2YYROQGFBGWXFHQ3EG2R6E;USA only;Leesville, louisianna
2EMLEYT6I6SNKDWTYB3AS6M66M;USA only;Seattle,Washington
2FQU3NXYYF456UXBBVH3HEKBAU;Non-USA;Indonesia, east-kalimantan 
2FU62NWCQYYB7P2EHJJTIF4JR4;Undetermined;none
2FVKCV4KCU7VUZV6HGYT2KX6KQ;Undetermined;none
2FW73UEVUQENQAVL5ZPZRFLTF4;USA only;Ohio 
2G3WO4S67A3GHSBPJ3IHHNC574;USA only;Tennessee
2GKUYNJ6L65BHFOBJELU7OXJOQ;Undetermined;none
2GMPNW7X5MARHX7YHLTSEV3Z7E;Undetermined;none
2GNLUO3IKSJ6OGI4MZ4QU6HWD4;Undetermined;none
2GOC3WONEOM6WR6RJ53XMR4GGY;USA only;Denver,West Palm Beach
2GWGYUKV2KOEHD43CFCMUZKG2A;Undetermined;none
2GWULR2LKPSQUIQWUDEMRVMS64;Undetermined;none
2H7WZLFBWNMYOY5DKII7CU36WI;Non-USA;CHANDIGARH
2HGB7JTHWMKQVQX73SEDXPQEXM;USA only;Florida
2HTZZUYZ6CP526XSU253QCQCCQ;USA only;LAS VEGAS
2HZU7ID2QIM4W2B4ERXZHSOBG4;Undetermined;none
2J55ZXUW4PFT6PTFFUT555DZPA;USA only;Chicago
2KSIVOZI2OX3T2SYPVMERKZETQ;World;Germany,US
2KV6WG2UWA67NIBWDSLZM23C2I;USA only;Florida
2L2ZUZYHQM73YUWXV7CCAKRTMY;USA only;St. Louis, Missouri
2LOUTZUMJEOCFUSEN3KFB24PTU;USA only;Florida
2N7CC3XSFEL3DWVPHT6OE3AQOQ;Non-USA;Tirur, Kerala,India, Mangalam,Chennai
2NC6PW3AFASVRBS22KGM6CMMPY;USA only;Grantsburg
2OFGAQBY4BJSS2LNLSKWQ4XRHA;Undetermined;none
2OFLVFMYBT7KRWJB5KJMLPSXTM;USA only;Florida
2PD3MR5KMPHRCG6SSGZBHDLZT4;Undetermined;none
2PU6E7YUFVOZR3CZJDQEWB5THA;USA only;Virginia,Florida
2QBIY2KLTIO2ZHXRTOQ2EUEM4U;Non-USA;Scotland
2QIAEKJUEX2JTADC4O65RUZ6SQ;Undetermined;none
2QK4DGCVYL64TKODKLPC26JOZM;USA only;Bronx
2QQNEAUIQETSV46JKQKTWS6J4E;USA only;Rhode Island
2RVAB25FIWOTV2FOZMNCBYASQE;USA only;California, US
2RWYIYTKICIDGLVSFXLRWND5PQ;USA only;California
2SXQHDQHZL3ZM2QEJZL6QM22BE;USA only;US
2U7UUYAOX2J5E5GOM7UPU3TUSY;Non-USA;Ho Chi Minh
2UDRXWMQJRJXZ55VQUUKUIZ3HI;Non-USA;Manchester
2UYOUF3EXVKXQTLGW22XHJAP7U;Non-USA;England
2V5KZTOJVDCKKFNMXUK5CRQDK4;Undetermined;none
2VA45ICQNXQMPOF7MKHAWVKUUM;USA only;US
2VRH3SN5PG3GM647RME4UAIQYQ;Non-USA;Argentina
2VTIXTQX23P4GVPBTQOGNVQFMQ;USA only;alamo, Texas
2WVIL43XE4XODR3PME6VWR5LDE;USA only;Woonsocket, Rhode Island
2XHTAQPUNS7KVNG4DMUVQRV2K4;Undetermined;none
2XO6OXOR62BMIEWREFLKHRXQRE;Non-USA;Legazpi City
2YZOGJPFMOHO4BQUSPXWGHZBIE;Undetermined;none
2ZF6X4YATDFH4HPWNQTCP2527I;Non-USA;Dublin , ireland
2ZU35E5AVZFQUOXA7HWDGR6DZ4;Non-USA;Newcastle , England
326734IBTCU535AC66NEU56NDE;USA only;Missouri
32D55I32FQL746OIPIEXEKFZMQ;USA only;US
32LSAZFABLCT7DDXHUOIUIO3MU;Undetermined;none
33F7CXYXMRWM6OGXJM3U4NTB64;Non-USA;Cali, Colombia
34IENDBLWEH5QQSZGVWXTQR6J4;USA only;Miami
34O5JWJOEQ765F6ZYZBL45JGGA;USA only;Virginia
352KZTL2XVTFO626PTTZNTRZTM;Undetermined;none
35FKYWBE77Q6C5JA7X4WOTV77E;Undetermined;none
35MYGFBUCCLGDMVKSEV7YIZW3Q;Undetermined;none
35OD5IIWPJYS7R7X7P33RXI5YE;Non-USA;Bradford, U.K
3663EN5PTHVVYLH2WHEMRG373E;USA only;Colorado
36F6V2GMSNBS3Z2IMKZXDQDCHE;USA only;Ohio
36L6K3SSIBDXJ3LIF4BHYX5EGI;USA only;Nashville ,Tennessee
36U2WABHIP7YHOH6P3WDAQ6FZI;USA only;Chicago
37C23YWN6HB5LYTECE2U6PK4CU;Non-USA;Costa Rica
37QTMPQQVEKJDJ6ZUYV2JIMY64;USA only;Louisiana, Missouri
37ZE2FA5YDJ2AGLT652DXICKIU;Non-USA;Bangladesh
3AJRD4WWEMXWAHN4ZHT5LSKZMA;World;Vietnam,USA
3BIILQBBJRIHSOL2XCAPE6HTMA;Non-USA;Faridabad,India
3CCVA5HHP72N64QJAUV733RKNA;Undetermined;none
3CH2H7KF53Q4DL7PW624D3CIPA;USA only;Indiana
3CYH7AMEGPY7CPBPG4IH57R2NU;Non-USA;Australia, Brisbane
3D43MA355763M4CGA26M6ARJU4;Undetermined;none
3DOFYLESTFNL7PDXN6FX6Q32HQ;Undetermined;none
3EPXBY2DA4JU3IURHN27S3ZHAY;USA only;Texas
3FAO5RRZGBQ2NK2PYBQEL6H4M4;Non-USA;Townsville, Australia
3FWZ67O5UQFBCKB3K4LU4Y7XGY;USA only;Phoenix,Arizona
3GDVJPNHV6TBOTXAFDAKRQZV2Q;Undetermined;none
3GHM5WRE4H5BJ7EPQLQGBZOWF4;USA only;Columbia, South Carolina
3GKINP2V7OCHSDT5VHKZEOJNUQ;Undetermined;none
3HFETJ2MLQ52ZFYKLXTP5PQ4LY;USA only;Hawaii
3HSNBWI2IHBHM6Q3UCO4CJL5JU;USA only;Pittsburgh
3HTEWL3KYYJ4BJMF22R3G4MPCI;USA only;Texas
3HTKZCHY7ADCNGWKXLSKD63TMI;Undetermined;none
3I3T4QNM6WSGJNALFRPYY7QXFQ;World;California, Ireland
3IWENUVGAESMUUIZL6LAUUBOVY;USA only;florida
3J6JUUAOIKVZOCKMPIHS23RS3I;USA only;New York, Maryland , Washington D.C
3LFAS7TRV3H5MKSONVJNGVUJOE;USA only;Pluto
3LHL5GEVL6METZ2GZLT7ZMSUVE;Undetermined;none
3LUHR4UJ5HTEUJG3HMCPSPUQFY;Non-USA;N. E Lincolnshire
3M5VTFBOTZ4C2KWIGMSGMCXZEU;USA only;West Coast, California
3M7RWPA2H3TBCJQOD53NZQ4X2E;USA only;New York
3MNCKASPDW3BRJZCSVWYKHCLSY;USA only;Las Vegas, Nevada , Arizona
3ND2QV6FVJEBQUZTKBT66LBNG4;USA only;New York
3NHLZH3NP364ETVSHHSLJHAJ54;Undetermined;none
3NPMRQ3JOJDZOGJXNAQUTQFTLU;Non-USA;Ontario, Canada
3NVT4I254MUCBBWIP444UNOKIQ;USA only;Florida,Lake Tahoe,Reno
3O7SD5TCYXFUJK3BYJE4WVJI3Q;Undetermined;none
3QVEJL5F3PBEHVLUQM4RSWD6QI;Non-USA;Egypt
3R5NUWL34CA26TS3QPTP5ZJMEU;Non-USA;Penang, Malaysia
3RQKI77XEUGK47NR5UBM4I6Y2M;USA only;Los Angeles, California
3S3AMWNKTYQJJLXBS6BCFHSJAM;USA only;New hampshire
3S5QZLQJDQJYKPSDVUCODAGJ6U;Non-USA;Bogota, Colombia
3S7INJCABRZR3Z426DSE6SKK5E;Undetermined;none
3T6367HCKTC3HY2F6XL3H5SCQQ;Undetermined;none
3TKZAJYYXK6D36RGXGQE7ODROY;USA only;California
3TV7CTELK567JASRANBFQCYVNU;Non-USA;Turkish, Iranian, Canada , Toronto
3TYEHJA5M3R7QPAW2CRI4R5FCQ;USA only;North Carolina
3UIDQW5DTKGAZOC3NWWFGG7BCI;Non-USA;Iraq, London
3UKETBNWNO3IXHVFZB76MJSNLY;Non-USA;Toronto, Canada
3V76TWYAEDHXP64DWQGYWJ5JCM;Non-USA;Philippines
3VEQF2PAWXLC3O52PHRYR4CKCE;USA only;Ohio
3W2ZOKTJMGGTLYCWRLXYNJXCPY;Undetermined;none
3WECIQ5QDC734PHNC45ISNVXNA;USA only;Chicago
3WZSQYM5FLOCJRFJYRP42E7BKA;Undetermined;none
3Y3QKVCL3BOATYUJQ5S4WRRXRQ;Undetermined;none
3YKUNSG26KENFN6QVD7NYZJX7I;USA only;Hammond, Los Angeles
3YRJZJWE43FLW2JC4TWBDKQZXQ;USA only;Bronx , New York
3Z2DGWX6LJQ6BNBS3DJY33ZZC4;USA only;Dayton, Ohio
3ZDGAYAMSOTMA3OZCGRBVO5CLY;USA only;California
3ZDOBA2ZVZXCP5FWZZPXAK244I;USA only;New York
3ZYWPNTBPNAPM5WBM27BQYBK3U;Undetermined;none
425JCRMSIJ56IETTHDHNJJNFWA;Non-USA;Orpington, Kent
43UUX3IKADMM4X57BQ4GOQH2HU;USA only; Shenandoah Valley, Virginia
43XIPC2GHICIOF7C46EXWEFZNY;Undetermined;none
44BUL37MYEGEWMUBOXKOKCX5GQ;USA only;Phoenix, Arizona
44GBEP3Q6Q5UIDF35DOKGN47I4;Undetermined;none
45E44XX6LTPRDOIUN26SCZGOHA;Undetermined;none
45R2FHPAO4GFLD6E2V2VZP3LZM;USA only;New York
46PZWUCJ7QYP7EPTGWT5XFXGZI;Non-USA;Perth,  Australia
473IH7ROQLULAR33V6Y33XQF7Y;World;phoenix, Arizona,Mexican
47WUJBAQFL2P5XBF26ZEOHNPDI;Non-USA;New Zealand
4A6SRBSLJHQVMP7PDSKHB3RI4Q;Non-USA; Melbourne,Australia
4AD32CIE7SVRDJDJ6Q573ZZXUE;Undetermined;none
4AK3ICP5EO7KLNQ4PWRQQELJIM;Undetermined;none
4AYP4HUK5H2ZGM27DR7AIGQFLI;USA only;Texas
4B3X67VNMZIVAAZTCRBYUQUBUM;USA only;Texas, San Diego,California
4BE4ICMZZCRCCHJUPSN7HWNVDQ;USA only;Texas
4CZWMNZHBMXTX7P3IRBP2NX7DQ;Non-USA;Wales
4EZVPDZCBCRB4RT7RHCBSP3VLI;USA only;California
4FB2L4P7TDZDWGYT37NJPSZA2E;Non-USA;Dubai
4FL6VAEJTBFBSKEIUYOSN65YMU;Undetermined;none
4FLWOQ6IARFGFGDAPEBWO3K7KQ;USA only;Conyerds, Georgia
4FZ4EM6IDZZMQLYWS7O4LDF7AI;Undetermined;none
4GBH32VSN25KPRGJT3NSG7VPPA;USA only;Texas, Austin
4GCKFWZXRW462X4GDVNID7LSOE;USA only;Washington DC
4H7CLLD66UT4NH7BFZG6DH2YBU;USA only;New York, Los Angeles
4HTCY54XKVL3JGRP5G63LDAAMY;Non-USA;Australia,England
4HTSXTUDFODMPCRAUC6ZRKWZTU;Non-USA;Canada
4I4R26JFG47YUQHAOH4DWORXZQ;Undetermined;none
4I5F7XOX5B2OBYIXOCKICB2XP4;USA only;Idaho
4IC2IABAKMPBQ4WKP2XQ3PDFD4;World;nicaragua,California
4IDFAEHOJJESULQLYEZQECP4XY;USA only;Texas
4IEGIMHKZG65LTEK3M3KLN7TUA;USA only;US
4JUCX75RJQEXJDVSZNXS3BVDLI;USA only;US
4JV5E6O52VN2OGR4DNLFQOW7XI;USA only;Texas
4KNRETSHINX4B4U6ESRN3U63DU;USA only;Seattle
4LASV56A2GZDBR7ADNG5Z6STJQ;USA only;Denver, Colorado
4LC7ID3PFACM5FT2DIRTSRYL6I;USA only;Missouri
4LHPW6BD4BH26I27CIDRKK3WJ4;Undetermined;none
4MD3M3CV7HNFADODJKLMAWZQU4;Undetermined;none
4MGV5CPZ6LCN6SBDYELZKBPHOI;USA only;Yucaipa, California
4MLCKSXDEDEJCWLGUGPPH2JBQE;USA only;Austin, Texas
4MSNV6REPLGEGAWGP2X3ESSUM4;Undetermined;none
4NE2FMIDSCV76IAJGJQDIHCGOI;USA only;Florida
4NX57CAWX5UTBJXCYDJGNH7CYE;USA only;California
4OLYQPCXSKEBE2HFQJGMHEZDII;Non-USA;London
4OUDTUDUQRGLRPIG34F5FJXTHY;Non-USA;england
4PB56K3MRG6EQ3WV55CU3LY6EM;Undetermined;none
4PRNBNSRE2EW572FB3KCE23XZM;USA only;Delaware
4QY2OW7EDKGZOA2G2ERHXU4XDY;USA only;Rohnert Park, California
4RG5BYDTJ3UOYYHLHWR2YM3XRI;Undetermined;none
4RKADFM3ULE7V3NFSBT76VNMOU;Undetermined;none
4RLJWST4TBKO4SUHQ6PBU3ANPI;Undetermined;none
4RPTU4PXX4OW6GSCRW647WJWPA;USA only;Illinois
4RY5PDME3KXE6OU4UWN53W4ZZY;USA only;Canton, Ohio
4SE2FTSCB5SOIHYJUMY77522WM;Undetermined;none
4SG3ZCHZMJTKI4S3UMPYI5IMY4;USA only;US,Seattle
4TYUYIQRIRHWLTEPS5PZKJOVHY;Non-USA;Chennai, India
4UYDIXMD3HJIT7F75GHO6BYLTY;USA only;US
4UZQQGNEF6USPU3CFBOKMFKPO4;Undetermined;none
4V6GKUYJGVIB263W24QUESZE6A;USA only;Tennessee
4VGMZLEMHIZ7LKPLBY6VKKRFLM;USA only;Westchester, Illinois
4VLS43D6RG6NAZRTOQHLOOFUTQ;USA only;New York
4W2TZNCUBG6PNITWE4JFW6BTHM;Undetermined;none
4WCRJMIGETPWLUVO4VTW6KDDZI;USA only;Colorado 
4XM5F74UUJBZ3KUY2QDDDIN5NI;Undetermined;none
4YVW3MWQ26ME5DFZCQCPUFHAGE;Non-USA;UK
52VGXCRASX5GGW75GTDQRG7LOE;Non-USA;India
53G6MQGYE646FA4WF2NZFWC7A4;Undetermined;none
53LC5V7E3TLY3HZ6NRK2WNDETM;Undetermined;none
53WSAERKVWOHNK2YKFC3H7RHQQ;USA only;New York
54ETYMLC5KO3FRAJU7PHGUYJHQ;Non-USA;UK
54TR3IG4SZVECXOHM26YIXTBTI;USA only;whidbey island, Washington 
56HEVF7P3QIUQVKFFZAN2IYUSY;USA only;new york
57NFVU56DSAUHFLZNKA2DLSMQY;USA only;North Carolina
5A2JNHCXIE3DRM3JZNR72ATRY4;USA only;Oregon,Ohio
5AAQESQR5GXZS7EZWBFJC262RQ;USA only;Florida
5B34X6DDL7T3V6YNAFBCTTRNMA;USA only;Tampa Bay , Florida
5BE76R5TM3J7TAGZW4NWZFPFYI;Non-USA; germany
5BWFKRRJ5ASS7GX3TG7P7X5WX4;USA only;Hawaii
5C3WMAUJRTEXYEMUPVTFZRYKXQ;Non-USA;China
5CPZLLDN7BHFZD2AHH3QYETYSI;Undetermined;none
5CUMY4YU3FDPC4IVMMTNDHJPSU;Undetermined;none
5DBCO3O4L5XWFUOM7SLI5Q72OQ;USA only;New York
5DLB56W6MATASPDQTHIHRSGBNI;USA only;US
5DM5Q4QFOO7KENHPWXDCFOM25Q;USA only;texas
5DN4OWOHRMAUEZCOZF6Q2DLOGY;USA only;Washingron
5EN3WCGUVIGXTYLGFVNJGREBBU;USA only;Phonix, Arizona
5FC6OLQUUBCTRPMFTL37EENIHU;Non-USA;UK
5FCGBU7LWT5NX4PQB5U7AICYVM;USA only;New Orleans 
5FZCU7BQWEAGKCD5EWPZN5NGZU;Non-USA;India
5GBXD62KM66SCWC6QDPJQ6PW5Y;Undetermined;none
5GKJAFACCQIFPARV54Q5KJL4VI;Undetermined;none
5GLOARVFUC6OM2FD6YYGNVVDLY;USA only;Dallas, Texas
5H5S2PWU6N6TCK6WKCEMFK3QLY;Non-USA; Ireland
5HGGHMMWY6GP7G7XS7NVUB4OTU;Undetermined;none
5HXYKQLSMIXTBADL36VD3OJ7B4;USA only;Midwest
5IDIHRHOBAV6G6V5J2F2RJIA7A;Undetermined;none
5IG4UJ2H5OZBFVK2US4ZOQLMFU;USA only;missouri
5INSER3IRVQHVQU37WCT3O3S3U;Undetermined;none
5IR6FUQ4HOSXXVRODM6EFFQ3CU;USA only; West Virginia
5JC4DJTW357LDCGMRT76O7FG5I;USA only;Chicago, Michigan, Arizona, South Carolina
5K7AG2QY2FZPKF7KWY5KBZK7TI;USA only;Maine
5KAVPJV57SJAA3CB7PE4RCBFOQ;Undetermined;none
5KHL2MXV6JTYA2NVTBCQ75MBBA;Non-USA;Shenzhen, China
5KWCXYDA5IAYK673E2I7SZBDUY;USA only;ohio
5L4WDSH4ERZ4H4TUTPH564WHFM;Non-USA;New Delhi
5LONHJIEOHGGOBFOOJQLIXX7OE;Undetermined;none
5LTXWMZ4FZSNVAGGAMWN26JTGA;USA only;California
5LXQIWCN3XHNPZM66CRUXFN5FM;Non-USA;UK
5LYL6Y4IDRNIDGJRCIM2AKUEKA;USA only;Tulsa, Oklahoma
5MAZ6JBKRBI7HWNE5BRFAZC5WQ;USA only;Saint Louis, Missouri
5P4FAD5FN2SRSQGA6V7K4DTF4M;USA only;North Carolina
5PNLEDBKDLGXXU2AWDDEL6NL4Y;USA only;US
5PUMUYYBAP3UOH222MNKDTEZXQ;Undetermined;none
5PWB554FGBJOTT7BV6ZSAMQ2NM;Non-USA;New Zealand
5QLB7XYNH5SR2HN7NQMF3FERPI;Non-USA;UK 
5RCQKS5EOBHF2DAMEIUAIXN7TE;USA only;New York
5SEQY6BRP4AYVW5VJV6NE6B3BI;Undetermined;none
5SHGXDJLOEUNECUFGVHHFK5WBQ;Undetermined;none
5SIX6PC5NEEN5MNQ2KYXQIQQGQ;Non-USA;england
5TLIO7XQK3IMI6NNVLVLONPYMM;USA only;Illinois
5TRHY3ZMNMKSVW42UPKLVFJEF4;Undetermined;none
5UGOFFVTSHAZFFWGQVRFJDOIVY;Undetermined;none
5UVABWMAZN4S6XH2PNGURO5M6Y;Undetermined;none
5VSA45EU4OVCTNZBA7SMUPK76Y;Undetermined;none
5W5W6UCWG4S64KJOIXMH5LNK2Q;USA only;Los Angeles
5XRP4L2AOUYZNZWCEDWMU26CPU;Undetermined;none
5YC4XDAS7YMIEA6YCZ4K7V634M;USA only;Portland, Oregon
5YYH3RFB7AQ3T4FO3B4HVH344I;Undetermined;none
5ZH2WU6YRJDU5ZJ3RQWHDJ6OEU;Non-USA;Serbia
5ZNUPO3QMURXYMBLLU5QZYMIYY;Undetermined;none
5ZXIH6K4KL2OV3JAVV6TPS6JDI;Undetermined;none
62FGOAIPTMKUET7HP5ASPUZDCI;USA only;croydon,london
653YRFURODU2VMMCZLMQH5DLQY;Undetermined;none
65XKHLZXWXJFPLEXAKYLLPCJBM;Undetermined;none
66AMKS34WQEJZMTAZSP5EXKMHQ;USA only;Knoxville,Tennessee
66LKST66OBPFLVHZMMCW5NI5QM;World;Pacific Nortwest,New Zealand
66RALFWQH3LF5IVF45CDJJTUBQ;Undetermined;none
66YNT4VTOTXPBJKXOHAGX7H3LI;Non-USA;UK
67GDNHVWYSAMNTS6ZZXLT7YYFQ;Undetermined;none
67L5TM6QMUYVWKOAREPWB6K2UA;World;Canada,US,Australia
6A7YVCW6XB3KFZDUGZ6T376WUE;Undetermined;none
6AC7OWBRGKOQZRLQR6YAPU7ZMU;Non-USA;Ireland
6BFL7VW7WCEH5RICBZ73TRIS7A;USA only;New York
6BGT3E6T6NQJJKYZXPLLMTE4RA;Undetermined;none
6CEM3LKGQ3Z4OI5UZBFIZF76PQ;Non-USA;London
6CLC54VPJTS5DXKVRSDB4DNFFI;USA only;Texas
6CZ4JPJESFIVLSL7SPKE7PAAZA;USA only;New York
6DNGFXOLJACR7OMQTEQZN3ORDY;USA only;new jersey
6EEYZQDIBPGARBQNUBP54N6XAM;Non-USA;Midlands, UK
6EOJJZA74SL673G74MW6UWOUJY;Undetermined;none
6EXMNVX4NIECVTQFZHMVDARGBA;USA only;Buffalo, New York
6G5ZYMSZLJP55L3UPUM3WF4TAI;Non-USA;japan
6G6PNNEESATCTE3FGCGFMQZUIY;USA only;sacramento,California
6GECE5E6QMUODF3CONDIEJJS7Q;USA only;Texas
6GHGRUMVFYN2VPFBHCYJ5FOSPM;Non-USA;Northwest England
6GKBR4YHM7FEZCFSBANOO5GXGY;Non-USA;france
6GYM7T4RNIUCYALHXWNR7JP5HM;Undetermined;none
6I3Y73J5MMUXALVM7EGEKHJEBE;Undetermined;none
6IOTMWTDCQ23HT2KDEZIA37XMM;Undetermined;none
6IR25325METEQYZ3TFTIN42ZTU;USA only;Riverside, California
6JIMGAI7Y7L42Q34FYUVXVYQRI;Non-USA;Argentina
6JP23IP2XKWIASPES5PWS5PCVI;USA only;San Diego
6K2KDMNYHVESJK7S7GFGCE2J5A;USA only;Vermont
6KDLMGVOSRIGB4CF3MZLXD6QCM;USA only;New York
6KKWA5XEQMWYPS6IGACVZDTHSA;Undetermined;none
6KZKBX2GKUF7EDGGQZMJN4DCBQ;Non-USA;Ireland, Derry
6MKRGU5JP4CUPKZRY54SWPT7TE;USA only;Washington
6N3WEPMA5UK35SWTPMHAI7SAO4;Undetermined;none
6O4PYADBPAKB7ZS6YHT7YSZIHE;Undetermined;none
6ONY3OHYDL7L7WKVC7CU6QSSUY;USA only;California
6P6KRMZD3WVZJJE6ZT64ACTVZU;USA only;Highlands Ranch, Colorado
6QCTDQUWHFX5JX6PN4JXHA2JIA;USA only;massachusetts
6RKIDZCOEMWN2PSGIG3TUO7BTA;USA only;Los Angeles
6RM5ARZB4VAETV7TPW7X6GAQMM;USA only;New Hampshire
6RQCBSWAIN73W5BORYVB4XTIQM;USA only; Houston, Texas
6RQLBRZDNBLVBAAGIOBMWHTCSI;Undetermined;none
6RUY5ZLMZEL2EBLPR76WXNQILI;USA only;Portland, Oregon
6SJVR6RADW25X3Z4WMILUONJQM;Undetermined;none
6SUNB5DNHS6MKDT2O6ROYJNBAI;Non-USA;Shrewsbury
6TACNFMGXQ4OMGK3WXAXSAJQRY;Undetermined;none
6TLOSZ3FX2XAZ7UJDRHQ7CEJ5E;USA only;New York
6TLW5E4GMHNOWXSWQWLJJN6DVQ;Undetermined;none
6UHHWG3FLJBRKPDMLM3WKPGYX4;USA only;Arizona
6VIY2RX2SCE6HTLKMW2Z3BHHBY;Undetermined;none
6VKB7JD7BJBKGEIRBN3SNEACAQ;USA only;Ohio
6WFIY42RDZH3NLBDHD3LRUUUFE;Undetermined;none
6WQM26N6RDOXFLC4TUXVPUPVZM;Non-USA;bali
6WYQRIAVRWKPOHFKB7GRHV7YMM;Undetermined;none
6XZZ7H6LKLQNAPFUBEIO6AGVZA;USA only;Delaware
6YFOI65ILBTADO5U3ZF65SKFZI;Non-USA;Germany
6Z7KDXKVV5WFIMEFWCZEJVRY3Y;USA only;California 
6ZERE2MAGMPMGB7L3HGFN6XKTU;Undetermined;none
72MKWHGAZAJ3QWJMVPMVSCFPPA;Non-USA;UK
72O2KZY62FMMGFS24IVYALCPFQ;Non-USA;Sydney, Australia
72YOJOVKJ4KB4V4U6O44MNXXC4;Undetermined;none
73QV6KYSEZKGBXSFE2PWILANYE;Undetermined;none
743LTMFQBNTK2Y2EJH22JYHJDY;Undetermined;none
76DYH33CIJ2WFSMO3GXHJSG2W4;Undetermined;none
76HUZXIMBNYNILDDRHSIPIALUI;USA only;Kansas
76MR46SZBGZ4WPBW3DHTRG7VU4;USA only;Kentucky
76PKDZ4MVYGAMCSZ26YTDKW62M;Undetermined;none
772XD7TXTOPL5YHLMJMAX3PKYQ;Non-USA;UK
77WBBLW5OFWSMD7TWW4QLFNVIY;Non-USA;Scotland
7ANA6RUGA2DFPHMZI6R6I4W4VM;USA only;Michigan
7BTDNS4DTHKTCQTB3WI4PATIAI;Undetermined;none
7CEWC7EBR5OSTYBWQPCIQRL3JM;USA only;Denver,Colorado
7CTE42WDOW75LCGLK6BWPDBX7I;Non-USA;Spain
7DY42VDTDMJ3PAGNPUJQW2G4PQ;Non-USA;Nigeria
7E3S675CTA2TF2J7462LDXCRZA;Undetermined;none
7EZMZQT45FY5H2MACT7BUDKBLI;USA only;Alabama
7EZRLLF6RWPYCNQK5OOY35B4ZU;World;Mexico, Arizona, US
7FYUDS6U7Y6E7V2NH4VYBGYOSI;Non-USA;india
7G6N7GAASJ6B2XQSVIMNDDYKQA;Undetermined;none
7GC2EVJHRR27C5RBSO57TLW3ZQ;Non-USA;stirling
7GLBQTPWGUHKTYZHTFBNKZ6R64;USA only;Garden Grove, California
7GUAZRV5NIBZZ7OB7A4DWSOHKE;Non-USA;Australia,England
7HEYMX4V7WLDFPAJ7KPISBXSGQ;USA only;Cleveland
7HZ3BKOORVKGSTRCCQU46TGFE4;Non-USA;co antrim, northern ireland
7J7LM34JGBFJ3BCZGLNHM76LHM;Non-USA;New Zealand
7JEYAT7G4T3ZA5UM5C2ZLPCNEY;Non-USA;Pakistan
7JXEWRKECMA7M4PXUNVHUCZJAM;USA only;Florida
7JZUDPCIRNCQYW4EX4QSP3M27M;Non-USA;Canada
7KC3TJKNFTWQ5DT776X74X7L7Q;Undetermined;none
7KS6EIQCKGK2PRLGXU4HOHEDRU;Undetermined;none
7L27FR43P6M4JXVA2H77IP35ZI;Non-USA;Romania,Bucharest
7L4NF5NQLUBQSX2262BVTPKZ2M;Non-USA;Egypt
7LJZNOKP2LNHSPO3UTR6Q2S2PQ;USA only;San Francisco
7LUDWHWNE66RN25TAPDFCCG4QY;World;Mexico,US
7LZ4PANSHF6FZ72XH6LE3TUQRY;Non-USA;manchester
7MQFP3PJM267BTFMNJIYSIYRRU;USA only;Connecticut
7NGLKONSAUWTTFDIOUUBCDYGVE;Undetermined;none
7OAGIHOUH5VEGS7OP7MBKEJVTU;USA only;US
7OZ6GRYNNQMOKQLRIN42XQW3DY;Undetermined;none
7PUSH7ONFAJYPEUE3ZNCC3L7TU;Undetermined;none
7Q6AAJZ74PH2LW3DE25PLEOZIY;USA only;California
7R7QDSMPLY4CCVX2I7NUQLALXQ;Non-USA;Scotland
7RBE7KVFPOWGAM4FV2BUHAQIH4;Undetermined;none
7S35VFMUO34TH2ZUUON5W4PCMQ;USA only;Chicago, Alaska
7T42SAIP6M25AVD4Z5RJFVN5IA;USA only;Texas
7T6BJXZRHMJDCKTUIBWDNER4I4;Undetermined;none
7T7H75W6FGKJ2PQA76VC3U3PFI;USA only;Kentucky,california
7TLDAVOP5LBFCLOVYMBKIP67BE;USA only;Yellowstone National Park
7TVJRLL5O37N3LVPARAEEJ3BXQ;USA only;Texas
7VYDJTWBFJEDDIWB3GNZVYJ7UE;USA only;Georgia
7W5VX4IXH3UXPGLZI63MT2FIMM;USA only;Michigan
7WC4XHF5AOFLVKTERIGDTD7BBA;USA only;California
7WH4LF3BFTVM7IYRMBSWJV6HCM;USA only;california
7WKHW23BADSGHIEYUYIJL2CNQU;World;US,Africa, Mexico , Canada
7XPMSOO6KMQ25JQPAILCQJTCD4;Non-USA;Israel
7XWI2MNWGZZJBSMPF6IU6F7EIE;Undetermined;none
7Y3ZKEEJ2DBZUQW7QTHTKQJ6IE;USA only;San Diego
7YDM52EA2AY2RGJXCEGSCAEF6A;Undetermined;none
7YZQHK762NS6TGJGWNCXMQGCSQ;Undetermined;none
7Z6TL7NMLOJMDM4M6BFWHFQWPU;Undetermined;none
A23LCHHR5RFXI6NX32EWTNWGUE;Undetermined;none
A2EVOS72AUQ5WTA7LEZQW5AJ3M;Non-USA;India, Mumbai
A3H6CQVWXCDIRXJTA3DKKEVE2Q;Undetermined;none
A5JTNOBYH3HS3HFORBW6YICZTE;Undetermined;none
A5K36KCMH4YJXBIA3L3MBGSLZY;USA only;Chicago
A643DWOXTNP5G62FXGBVO2U2AE;USA only;Houston, Texas
A6HN2X7TSWCXUJY6CY6JUL7DSQ;Undetermined;none
A6S5A7H5T22TTCX77M3SRL7MMA;World; Santa Rosa, California , Puerto Vallarta
A7DF6UNZ4VREDEJEHPYWZ5PZFY;Undetermined;none
A7JEGSINRX2VZ3QEJ5YGLY62OA;Non-USA;Philippines
A7P7FVHEVBLWN55MTBBNEKMEMM;Non-USA; Taichung City, Taiwan Republic 
A7TGAQXZZKUCWK7UEXRATWP5UI;USA only;Florida
A7TMWYSV3GAVVLKSRVB54MNM7U;USA only;Pasadena, California
A7TQIE54EC5J3YZZGRQPLANIAE;Undetermined;none
A7Z4HMGYZS54E7FQI33DWFESTU;USA only;New York
AAF4ME4R5GUWN7AQZYYC5OLJ3I;Non-USA;Romania
AAG6OSAHZS5WBX3FKY6GQLX7TY;Non-USA;Poland
AATPMHM62DXUC3KCGFM5SNR32E;Non-USA;Paris
AB2MTXSJA3EZAISKMX24ET72QQ;Non-USA;London
AB5ITFBNX3ELMDMNUXCN2ERX2Y;Non-USA;England
ABPJVQHX72PPAVPTEI4RDB77QY;Non-USA;Shanghai
AC75CZL4UMRWBQJVITJ23JZDD4;Undetermined;none
ACAGCCYL44KN5EWL6PDYCOHVZ4;Non-USA;India
ACMTSKGXAG73N7J7YA4HS2A2UE;USA only;Arizona
ACNZTLYWFPVDCND2PSBGMQUJCQ;USA only;Portland
ADNP6AGUBJD7RUFTTGZYSC3QKQ;Undetermined;none
ADVQ3DU3WMM3ZIMDTZMVB3NPPE;Non-USA;Canada
AEUUAGTJOQ7LCZHYQHLB2ROUTM;Undetermined;none
AEVS4M3ISU4JQS2VORMO2GH65I;Undetermined;none
AFAPMSV75HW7RYN4RSLMLMYLDE;Undetermined;none
AFP46GC7GLDNAQLAOVJWYXDHEU;Undetermined;none
AGB7S7A3OEFPQOI4UB6ACI7VA4;USA only;California
AH33CXTP3SYHCYXPBT2BN6UAMA;USA only;Melbourne,Florida
AIK6MXLZ6G5GW2FK5B36LAJBVI;Undetermined;none
AJ5DFKMMODMHPW4XJJZPFW54WU;Non-USA;UK
AJHNI4UNA4NBEM7QUQSD4AWOLY;Non-USA;London, England
AJKAXOHN46ABR6R75AGEVB37IA;World;Europe, US
AJYJ2O4YKUKYLSEZB2FPPXUNSE;Undetermined;none
AKRBQKNUOQ6LK7SPYYQMOIEONQ;Non-USA;UK
ALICZEE7ZMIQGTCOLV4ZV4O4CI;Non-USA;Bangalore,India
AOAB6RYMVPLPHVNQG3B2UBGJOM;USA only;New York
AOGLJ7S4QNEYXGNNPO2JARGUKE;Undetermined;none
AOPXHTQJUYAU765ROC6MPYW4HY;USA only;US
AOS4RF6VZD5XXR5AOCGCMPGGEY;Non-USA;India,riyadh, Saudia Arabia
APK4VGILGAFUFLDKWX7KJMHFNI;USA only;houston, Texas
APUQ52LKRFEFGOK4DMEYH4HB3U;USA only;Chicago
APWZUSBFSICFYIG4PRC2TOOXIY;Non-USA;Germany
APXUAR7B7UEHARTLGUGWZALPXY;Undetermined;none
AQ3TJVEXE4VVFD5JCUS6ENDMYI;USA only;Kansas
AQ463F6TEHXUEN74BXFU6TVGUE;Undetermined;none
AQCKRITB3H4TOOB4YOBFOTRMBU;Undetermined;none
AQEG7XFGQ34F2OY7BBSCCSNBOQ;Undetermined;none
AQL6SMYCGN4REYM7BQ6LVQOGKI;Undetermined;none
AR6TD7YKZZTXQZMYW4EDCSVYUY;Non-USA;Essex,UK
ARQMOCF2TW65R6XEPSEN7QKWJ4;Non-USA;ontario, Canada
ASDMANYK7MRWWEZAICVMJQ7NZI;Non-USA;Harrow,London
ATDB5DVAXNQR4FTHSWAWKUHUOQ;Undetermined;none
ATJU25YTEGYO3T2YHAAHVKQNOM;Non-USA;Serbia
ATY5JRAJ2UCOBNHRPOXVXV7KNY;Undetermined;none
AUT3FZPMTWLVAKJCYFDCSYVJ4E;Undetermined;none
AV4RALKND5KQXVBKNFCHRCP4TM;USA only;California
AVBZLKXJDDT6YCHR5MANAERDPI;Undetermined;none
AVC75KSGRWG7GWWIQUWKHO33QE;USA only;Buffalo
AWOUYV3U2Q3JSWUFFBPP4CIB7U;USA only;Ohio
AWS747ZARBLHVXM4MG7VJME5KI;USA only;New Jersey
AX5VQ3DNU66DZVKQOOBZI7R2OE;Non-USA;Sydney , Australia, Pampanga, Philippines
AXCPUNYROOVEOZBOMSZIJCWS3E;Non-USA;Australia
AYUYXQRZYFFBSVDOJOYIEVRH44;Non-USA;England
AZAI2QW24PKL532DC25RICTYYY;USA only;Austin, Texas
B25DLYP6O2APCVYOVXP73LBFOQ;USA only;Virginia
B2ORAYHMBJVKWOIBA7ZR2NXWXY;Undetermined;none
B35NNESXXRM4BA6O66HNCL3KLQ;USA only;El Paso, Texas
B37F2B25R4HXAGSYUW37D6VUEQ;Undetermined;none
B3KNHJV5S3D44ASNSSSRT4BG3I;Undetermined;none
B3NIYLAZIOJKHRMYEJYP5LHFGM;USA only;Atlanta , Georgia
B4UN3U3LQU2DZDISX43S2DV7DQ;Undetermined;none
B5N7X2IXMTYZ37SD5SFCTDARVU;USA only;San Francisco
B5PMZIB5Y6LZOJPKCOYPXJQEF4;Undetermined;none
B5QNCZGFVQEBRYMSWDBDSFJFY4;Undetermined;none
B5V2HYXORFMHIFN4P2PVUH5FVQ;Non-USA; Philippines
B5WOHDXOBX7ZT6ACKCHKXV3LNI;USA only;Virginia
B5Y37JY4BG3G7P25ETOES3DCYU;USA only;New Bedford
B6V5RGAOOO7A46WYSIFRCUN7MM;USA only;San Francisco Peninsula
B7ZYJP7ZDSXEEH67KUP5XIKAMU;Undetermined;none
BAE76DJLVO3OLSNN6RHQZQAJTY;USA only;US
BAESW6MLIIC5JQTORELJAWYNVY;Non-USA;Seville,Spain
BAXG5YJAAZ3ECIN3R2S3ILP6LY;Undetermined;none
BB5J5RFKUXFFNWRIIIXI7PVBBM;Undetermined;none
BBAFR6HHZCIVDCZ5XP32YRLMPQ;USA only;Indiana
BBMD7NOVJENFC2J77ZBCTKMMCI;USA only;Michigan
BBMDVW7DGOUQB3BFIN6XW7DGYE;Non-USA;South Africa, China
BCF5GKA5PIPGH4S35PL6ULXHRU;Non-USA;Africa
BCLEFIVRO5ZZIOMUYXDSDJRBQY;Undetermined;none
BD5MR7T2CGZUQIKJ7FK5FYMO4E;USA only;Rhode Island
BFTQ2EEATMV3NVM7RRDV5S7NBQ;USA only;Spokane  , Washington
BH5S4MNIT5JUFWFPYH6HCTMFM4;USA only;minneapolis
BHDUKOCZUPHE2MBMEWEM2T55EE;Undetermined;none
BI25ANP4DQEED5RZ6TFRFSZERY;USA only;US
BI4CZ4AZX4YZ24P25PN6JVC3RU;Non-USA;hyderabad,India
BILU7ELU2HVXTEWQZHG53NPKLI;Undetermined;none
BITLVBSXY76YQR3FNC2IN5N5CM;Undetermined;none
BJH6FVMTC76USNNE7LJOK37T5Q;USA only;Central Vermont
BJQFZ4UI4BMSOKM7XIAIZNFQVE;Undetermined;none
BJY7ICOO47FFO4VQSD2QY7NJU4;Non-USA;Canada
BKI4FLIMEGVSHWVX7DFOOTSKVU;World;peoria, Arizona ,Spain
BKJRE2MERQUMPPREIE3QWJCPRU;USA only;Frisco, Texas
BKQ26MH5LKSBS36VVGH5QWCSAM;USA only;QUANTICO, VIRGINIA
BL454QAS6YSWAAKVGQNBGC4VYI;USA only;Us
BLEAJAWTWDQVG7WPL4BNCOIB5I;Undetermined;none
BLKCT34HZ4XFL3EJMA5BGBDYVE;Non-USA;Vancouver,B.C
BLXCELADQT2GHX55GP6VGMSDMA;USA only;Florida
BMFSMOUXJCCILMJF7P4RQFJW24;Undetermined;none
BOJKN7RJ5FH3KNQTIXE5XGJK2A;USA only;Texas
BPH7ESXVTU7ST2LT7WG2RTLXBA;Non-USA;India
BQCLPRC2ZGWBAX5GCCVMG6QUQE;Non-USA;Montreal, Canada
BQDZC3KHUI4XUVTL5V5YHM5GAE;USA only;US
BRGQMWV5QJKP2Y6UAX3ZZARHEU;Undetermined;none
BROPU3CXK4GH7ZAS2F6YU4RVUU;Non-USA;Wollongong, Australia
BS4JOUFRNGIQU6M3LNK3MLYATE;Undetermined;none
BSPSBFWWDNCBHLBNQRVYRDWYQM;Non-USA;Ontario, Canada 
BTCNYVBOMC3WTP4YGY2BWOJJ3E;USA only;Scottsdale
BTM6FY2PNTBP7BQOJZOVG33V4U;Undetermined;none
BTXU5ERPLBOPPUWHWJYUBY2PMM;Undetermined;none
BULRCBAKFEKRENZRPKLFRC47OQ;Non-USA;Helsinki, Finland
BUX2FQ3WL6B7FQQ4PMJFWFBL2Y;Non-USA;Santa FE
BV3UZEHXDMV3OUSX7GP5EZDTLU;Non-USA;India
BV42OLV3PYI4LYZLMTSURKS57U;Undetermined;none
BVUDEQRP6ATASQEYCYLXNWTCUU;USA only;California
BW4D5OMXLA3CXU5VUOCG6ATYF4;Undetermined;none
BWLVDUZMVWJ5K4FHWMJGYPGBAY;USA only;US
BXLFPWM6J3MZRR3Q42WM3RXJ4Y;USA only;Atlanta
BYXJUBXPYVSRHLXH5VTZPBQ3JU;Undetermined;none
BZBMXQOTMZ2R57NEZG6TIXVTLE;USA only;Nevada
BZH3SPIT7FFNNBE4BPA6XMMFPU;USA only;Florida
BZNEMJQIH5FKDT4O5GHKBXXAXQ;Non-USA;Chennai,India
C2QUMOJ6Q3QHMACMDAHHVX3CWI;Non-USA;Philippines
C2RKTSF7T2GINRGVMG4ZN6ZGDE;USA only;Atlanta,Tennessee
C44USK6TLRK2HZPU6EXTFMCASE;Non-USA;Pakistan
C4XRAXU5XFMBTABUQQF4SWZT6E;Non-USA;Romania
C64NO6PFQA2LYZLHVTLSKYCY6E;USA only; New York
C6PLPQCAWVGMFQ3LDU4R5EY3C4;USA only;wisconsin
C6QS2CKBKFMVG36USGFPZEIEQ4;USA only;san francisco, california
C7S236IDY5N7WEUVFE4XJPNYWM;USA only;Birmingham, Alabama,Florida
CA7OTKY3PPCTSZRBUNE6PCUQWA;USA only;California
CAHHRCQOSJHU6HC7LMZ73CHJSQ;USA only;California, US
CAOVJEJN5XS2H6I4HBYYYKZPWE;Undetermined;none
CAU4OBU67NL6JOT7ATSH6TED24;USA only;Maryland
CBO2MKJUYBFYWGYEN5L6OM2STI;USA only;Utah
CBYCEYQKFOV74YJGLKMDJZEONA;Non-USA;INDIA
CC7AWIEPWOFW3PJ2QAUGH4VOIU;Undetermined;none
CCBSCZFI5SQREAEHKTCW4ATTWE;USA only;New York
CCH53UCWKGAOO735ZINX3VWGMA;Undetermined;none
CDG7DAQA66PUGBQBQ6AW6P5C3Q;Non-USA;MONTERREY ,N.L, MEXICO
CGFYFRTE5CLUZTSD4DNS3ZNGJI;Non-USA;Liverpool, UK
CGL6OOP34DN7GTGSB5UXV4RCWI;Undetermined;none
CHKKMIWYT2EPGX54THZQLAOGF4;USA only;Houston, Texas
CIVQ4PXE2AWHZTWW5GRP7ELNAM;USA only;California
CJ6D6RJN3DF6Z34UKRFMB7JZCI;USA only;US
CJZF3H2BAHWVTBEUZICJFYENPY;USA only;Denton, Texas
CL3C6MIZLUAPPKSZRHESHHVFMI;Non-USA;cali
CLLBOSB25YA73O7SDUR4UWY3U4;USA only;Ohio
CM5UPDJUE3SXSZK7KKFYZK3CNY;USA only;Maine
CM6E354DTBBOCFZUE26LRM2FOQ;Non-USA;Malton, Mississauga, Ontario, Canada 
CNT4JYQKIVRYDNNJ5JYRT4H5VM;Undetermined;none
CNT4STRR32F4334TXB65VVNT3Y;USA only;Dallas, Texas
CO3PYVVZI5HUMMOHJ5JRYJT42A;Non-USA;Malaysia
CO54YHXVZXQMF5PHRTQFYCAUPE;Undetermined;none
CO6HTFQXTDV2Y3YW6ORZR5UCQA;Undetermined;none
CO6PBGO5L73PKK665HZGKRNDUM;Undetermined;none
COAW26R42EHCMVCDL7OXAYVUZE;USA only;US
COWGZ57UUVB44URRIM22V54UPM;USA only;Seattle, Washington
CP2YTVC7FDXJZEXI7AMDCCU234;Undetermined;none
CPWCAFL27D5UCCYGJPNDMF4PQI;USA only;US
CQDYEET47PLDLN55Z45NWKQ6O4;Non-USA;Norway
CQKG7DYVCXIAXKNCXL3OYLJKFU;Non-USA;Germany
CRGXZ7OOZLWMMIQXWWREWYKNIY;USA only;Indiana 
CRVEHFQGSNIB6AHJLPO5USMJMQ;USA only;Newark, Delaware
CSNRJCMSJ6CRX2BO6UDA4QRTQE;Undetermined;none
CT5MNRASHH7RNA3HXAEJFLSXDE;Non-USA;Ireland
CT6BIBLIWQ3YERQJO7SOUFE56I;Non-USA;UK 
CTTUBLKZMLJSLE7ETONDLJBI7Y;Undetermined;none
CUC4R53S6UCDSVBBIP5B56XLOY;USA only;Athens, Georgia,Charlotte, North Carolina
CUKFI6JLERBFI5KNDZPJJLOJCQ;World;argentina,Washington D. C.
CVCUJUDJF3W57ZYSL62L6V6OIY;World;New Jersey,Ecuador
CVMOCY6EXOBJ7GJW4NK7DHR5U4;World;Beijing, China,US,New Orleans,Seattle
CVVPCMLHQSA53UVEISPYSVJ6TU;USA only;California
CWF4DZP5KYNYAGPJEF5LR346QM;World;Milan, Italy,Boston
CWNGSIRPO554HVEUXLPRX6SCKE;Undetermined;none
CWUE6TCNM6HRXXVXI7JNNIE53E;Non-USA;Kensington,Chelsea,London,Paris
CYBDBLX7VSUPIN4J2QOAEQ6K5E;USA only;US
CYFS4L7IGNFELGOGNDANYEO3ZY;Undetermined;none
CYIXIMP6YTJEKSO6AAZPGG7WVM;Non-USA;France
CZ6ENUHUL6ZDK633J2QMEXGQYU;USA only;US
CZESC2FL3C7TUF7FEH5AJY2HFA;Non-USA;Japan,Tokyo
CZKFAHEZRS7FFIHTQ7BHEJAF3E;Undetermined;none
CZSMAAYMYXHYGFTWKWVEUXJTDQ;USA only;US
CZTJYPOPRJXWFLPUYH2F5RPHL4;Undetermined;none
CZYBURGDMRQUI6J5LAVKXEIFWQ;USA only;Lafayette, Louisiana
D2637PKFDSXRHBXUCOBFQPIVL4;Non-USA;England
D2GOTV743LYXICGIYWKASAC5XE;USA only;Indiana
D2ZOXMJPFG27I6JVFEOFK23LDQ;USA only;California
D3CQSPAM2C6UZW2LSRQYNDKC5E;USA only;Muskogee, Oklahoma
D3FJIGHLWTOSM6X3GB2W5MBGXQ;USA only;Georgetown,Texas
D3H2TQROIBINOP5UHGTZWDWMZQ;USA only;Cambridge, Minnesota
D4BU4ARWTQOW6FQXBEY4NUB2DQ;Non-USA;Canada
D5BK25ZSR5CHRKARYZYYBDDJAI;Non-USA;Manchester
D5OWW5YG4377AUK24IG3HXMZOA;Non-USA;Uk
D6EDBCWNRYYXP3P7HBQ3C3VBRE;USA only;Florida
D6EMWUGSWJRGE4FDVLVFONE5AQ;Non-USA;UK
D6FGPZU77VVIMFENCOSTDK2MFI;Undetermined;none
D6LF75YJCIY6D7BWWFPCO4CNTM;USA only;Eloy, Arizona
D7R5TM5ICQRTLLQXRDFPU6E464;Non-USA;aberdeen
DANEEMHMGQNZB6QWWLCF3B4PSY;Non-USA;India
DBDDJLFPU4QKUERYLG7WGJQUGY;Undetermined;none
DC6ESDZMUIZCU2AGWG6AIOXQ7Q;USA only;Gainesville
DCAQUGWIZVIJGNBRNU2DUUQ5MI;Undetermined;none
DCAUE7KSGYISSVWQISVLIUJFII;USA only;Texas,Maryland
DCJQS65EJBKKVIU2FOTYW7UBGI;USA only;US
DEHRWDJGNTSMP5XFZF2U5NWNXE;Non-USA;Australia
DEXLXIBWI47ZA6WIAVGTXDVHZA;USA only;New York
DF7JND22L6PCPMT5J3VZMHYWVY;Undetermined;none
DFD4NEP4K4GBALFYKKFQ623764;USA only;Ohio
DFN3VBFMLPW6S2SU6KNDVDKKH4;Non-USA;Germany
DFPUFARIAEC2PNU5NEIKL5BZVQ;Undetermined;none
DGCAVFCUVMA35CUJPZTMG3SAZ4;USA only;Greeley, Colorado
DGTHHSOFA7C5VKGQ6NGVRKCSYI;USA only;San Diego
DICUZAQGMOGVJC7MOW4OFQUDKI;USA only;Monroe,Ohio
DIMFJZADCZO5RPJTO6SJCS4AJI;Non-USA;Ireland, UK
DJDAEGNHN6QT6K6CFZOP5WLZXA;Non-USA;Maasin City, Philippines
DJFFA24ITYOIBS42WPOB5Q5LTY;Non-USA;London, UK
DJPOZGLD544A2ACXFI52UO2NNE;Non-USA;australia
DJS3HJUW7AOA4UMYOEZXATRJQE;Non-USA;Ireland
DKEA4CGK3OKXY5KJJ5DRPXUVD4;USA only;US
DKL7MPDLZRNF7YV5NC6GPPTXBQ;USA only;Myrtle Beach
DKS2LMR6XRGY7WOV6XYJVVD6WY;Undetermined;none
DKYC7UPZ6J2ACKHWQOO6L23IIU;USA only;California
DLEAHQLMWTAQQACU3BNTU5MXB4;Undetermined;none
DLERTNHYBOJBJG3FEOPAOK6HUY;Undetermined;none
DLN7CMEXNQBZMJRHMOMXO5XML4;Non-USA;Cornwall
DLO335HWG6LMSFKSDANP7MYS4A;Undetermined;none
DLYEMKVCWO2VRPHIR4YRLFMGHI;USA only;South carolina
DMHQODY3OZYQTE5SIJ7YEB2BMM;USA only;Texas
DNURAV6SZONL5L3VRGHAJRUUFY;Non-USA;Scarborough, Toronto
DNX2ZJLE5MB2YTJNZ2B7CSUJMU;Undetermined;none
DP55ESIFFV4NL3TKXDVYXM2AYI;Undetermined;none
DPCRS52WTK4ZKVHQPDYM7IM6LQ;USA only;Massachusetts
DPDTMAVUAJ4FUH4ZJWCRBD6R64;Non-USA;Australia
DQHNPT2J2B4Y3F2ZGUCQSSG5ZQ;Undetermined;none
DQIRETK2DBNQBHSHSA23NEARFY;USA only;California
DQWK4GTTJMZEQDKRNUCAUNY36M;USA only;BAngor,Maine
DRN5ILPKKP7BNULN3N4FANC33M;Non-USA;Maldives, Sri Lanka, Caribbean, Mexico, Acapulco, Cancun, North Africa, Greek Islands
DSC4XIN6Q3RROMRZKD5QAB3TWY;USA only;Sarasota, Florida
DTYZBBP4DOCPQD36NUL3BB4WXM;USA only;Utah
DUXJQXNSJS672BULGMRFHPIPUA;Non-USA;Bangladesh
DVGZHBM76U5HNPQKKOZM3YWUKU;Undetermined;none
DVK62F4YOG776O6B7D75QN7GLE;USA only;Florida
DVZZ3H6SRQP23K7XPL7IHUSROE;Undetermined;none
DW56PI6ZKIPK33IAZQKNRHQ3QI;Non-USA;Canada, London,Ontario
DWQRXOQI4S7WFLJ77WEU4ZCSLM;Undetermined;none
DWVSEHBW33ME5NIHFUWNGX4NQA;USA only;Port Arthur, Texas
DXEE6EJT275SXNMQEPYTWMZJMQ;USA only;Maine
DXO6UQNG6NEQ5JFWUOSNH3ZGIU;USA only;Westminster ,Colorado
DXP2ZVMMGKTC7MOV3S6ZUTHSUM;Non-USA;singapore
DY2ENMXMZGWYN6V3OTVH4ERUGE;USA only;Ohio
DYAYET3IIOVAOTD7VT4CZICGPU;USA only;Springfield,Missouri
DZSIYBCMCZJPPL7Q6IDNEYA5RI;USA only;Cleveland, Ohio
E26HNHP6E4KPLNXP6SUY673JQ4;USA only;Detroit,Chicago
E2PEWDLLU4VXKT3DIJI7BIBBZE;Undetermined;none
E2PLFIGZ6E3KCW2CBUIQLFCV24;Undetermined;none
E2Q6VE334MVACJVOL7YGXC77XA;Non-USA;Australia
E3TP7JHO2TIARSQDPDY3JJ4SIE;Undetermined;none
E3VRLDHBKV4UYY2IUOHLNA2UCM;USA only;Missouri
E5EQXTANND4WHBOUQTMQDOTHWI;USA only;Arizona
E5LSFO4GZJ2UBDD3LZEAHKPLTE;World;Germany,Chicago,Illinois 
E65M4RIIRU3C7EZKZECKJP3QAU;USA only;Hawaii
E6VQ26QGQKLZG3WD4PYKM5RHBQ;Non-USA;England
E6XRY6HKWQJJ3Y4DKHWJGFGAU4;Undetermined;none
E7QZ56XMNIUJCPB74YLOKYZ72Y;Undetermined;none
EAOPDMM2MZEIE3F7A5D3EFPUEE;Undetermined;none
EBEHL666RW3HY56ZM62L2LD7OM;Undetermined;none
EBEJP3SJDYZHYTCI52YDEOAMQA;USA only;Michigan
EBNL5IKDVIG5FTI6ODZS53HZNA;Non-USA;England
EBXV44MGE4G52UM7MFQML6OIGI;Non-USA;Hong Kong, China,Brisbane, Australia
EC56KPN4NWKJ2WHSENI7OFS6UE;USA only;Indianapolis
ECDAQMAQUP6VUZV4Q4ORPLDJZM;USA only;Oregon,northern Maine
ECFN7QINSPU4CG6FRDKKMLR43U;Non-USA;Norwich, England
ECOMRUJC7S4MSRMLZA7UTD7HHE;USA only;US
ECXPAGAEFHW6DI63OYRSKH7JUM;Undetermined;none
EDAK5FWWEX4F5BPXS6RTOB77EA;Undetermined;none
EDAOYW3ZEB2X4OP5NZ7Q4ZPNQU;USA only;California
EDHL4RV4AWRKCGKNLCILLVOD6A;Undetermined;none
EDQFSSREU44OZXOCP4VZR3WQL4;USA only;North SHore ,California
EER6T7WXYY7443V7UAENMDUHHY;Non-USA;Toronto, CANADA 
EFH2BT2AUWMW5IJEN335TJHDBM;Undetermined;none
EHVMJRRT3DBJFTRM3S5AYC3FMA;World;France, US
EIHUAGBYU3DLJJE3FMCYQQERWA;Undetermined;none
EJPV46I5T6CC3BX4DMKI234CPM;USA only;Detroit
EKIWSBVZ5L25GWD3JHYMNVJY4A;USA only;texas
ELC36GLVA25TP2HBZ2Z6NBYYRI;USA only;US
ELNLDCIT5W4HQKW5Y2XRPMOPC4;Non-USA;russia
ELYXFWBSTYJ4IFGHJV76O5MZH4;Undetermined;none
EM634MKDX2M4N6NU6E2KB3F6WA;USA only;Central Illinois
EMY6QQ45P32L6I2P7V2XR3YJ4E;Undetermined;none
ENAWEGQYF5ZCO7OXCDQOYEZUPQ;Undetermined;none
ENGB6VWCVOKVWAJPD6THU3HGPI;USA only;California
ENHX72OWIFEPCR6OJL3MU7SNAA;USA only;Portsmouth,Ohio
ENJ6KFLWUHNMW3BALLQHRHRKDQ;Non-USA;edinburgh
ENSDUCNX2FWLC64ADH72WGLYCQ;USA only;New Orleans,Atlanta
ENXTCEWJTBILMMWETIAO22VCRY;Non-USA;Wellington, New Zealand
EPBSYB5UAEIK3MNQIBJGB6WG2A;Undetermined;none
EPDZUYNS5TOJLGB6DF5GEHRP2U;USA only;US
EPWENRZILCMEEEX3UDJY4OHICY;USA only;Iowa
EPWFYUHC5MALBZLBLTFQZXNT44;World;mexico, Chicago 
EQ2A4S2EB2OIQGKTBQ3CXL7YXA;USA only;Chicago
EQ53ZNTSIQJ4U4N2BXZYJZMO2U;Non-USA;Bangladesh
ERDM43Y6HFN2CUCMN3NDEED2DU;Non-USA;India,Japan,Europe
ERWKF5OTKRLZZKIVGALXLVGFBI;Undetermined;none
ETOS7VMVB3W47FGTMLHOMPOBXQ;Undetermined;none
EWPQKAGHGTSELNH4MG65OGA7S4;Non-USA;Northwestern, Ontario,Canada
EWVJCRI2WPUTOR7QPNCOIR34QY;Undetermined;none
EXKX2F73KIVXWHAEK75BOEZFUU;USA only;Alaska
EXU4F7AIHVGJ4ODZW423IWVOQM;USA only;Houston, Texas
EYQWV7HMXXDC34WRCRRA52XEWU;Non-USA;Manila ,Quezon, Iligan, Malawi, Kanye,  Kenya,  Botswana
EZF2TZCY6ICPFJUD744S7VEAL4;Non-USA; australia
EZUXZWEAP7XMUEV6M5CLP5XM4I;USA only;Portland, Oregon
F2E7CR2X4SELFILTV4EYFHFUHU;USA only;new jersey
F2R2YA6KVUIJAULG3GV5WRZWLM;USA only;California
F3ETWA6PTNBFZ6QNINCLSHLRHE;USA only; Panama City, Florida
F3LBQO5AYBBOGGNR6HLLMNN2YA;World;England, Illinois
F3PPZU3Y322NJLTUOS4XIAJDNQ;Non-USA;Guam,Chalan Pago
F3T3AMFCYPXTDRZJH2EFGQ74JM;Undetermined;none
F3YEYHI3INJBD3ROFUWNN56JOY;USA only;Louisiana
F5TC3GJ7LNSRFTYYFOOMORC5FI;Undetermined;none
F6BEG7Y2BRSIRKJDPKPAWYIYAQ;Undetermined;none
F6E3HG7B26UR37NKXGAIGIEMOE;USA only; Kansas City, Kansas
F6FD7IA2Q2K3F6BWT5JENWN5QI;World;england,los angeles
F6IPP5JUSNTXI3AOGEYSLRJQLA;Undetermined;none
F6UGEYG6UFIEPA2A4XNMHTJCHY;USA only;Lexington, Kentucky
F7HQX3ED5VWTNXPIYDJCL3UUYY;Undetermined;none
F7ULMD6IPJKRKRP3E57XQH4JPU;USA only;Miami, Florida
F7UZUYGQDZ3IF7WPJKVKW667IY;Undetermined;none
FAD6ON5KDURJ5CKGAQLMDKIPMY;USA only;California
FAGWYYJPW4L7OJBS74B2BMPN2U;USA only;US
FAJYAICT75A7F3SK27RCQSN2CQ;USA only;US
FAU3BEO2JJN5VYTON3JBOUOTAQ;USA only;florida,Massachusetts
FBPT7IYT4HZORTI5ZP2MPAQ4ZA;Non-USA;canada, ontario
FBXT7O433ATP52G2LQIXT76RUE;Non-USA;UK
FC4UTUXIKKJEIRLL2KV5DQEOM4;USA only;Seattle, Washington
FCQ7OB5ZBGGYEHNJJEGVJVXCIM;USA only;California
FD2PXWQ3BNGMFHQIH3CT5XFLXY;Non-USA;England
FDHJB5DQIXIU7FRZS7BZNGRB2A;Undetermined;none
FDV3IHWF6UPZG77AO5TZQHCTPU;USA only; Idaho
FER7GZ3HNXDQHLMGY57ITCWWRE;Undetermined;none
FEV6FEWQJ7GWX4AFIQMBJBHT7A;USA only;Fresno, California
FEVIY6X6H55VG3O6MMACIY74VM;Undetermined;none
FFHGL772RZAO3TTWBGWOXKTPYU;USA only;Los Angeles ,california
FFMM4SMWQ3MTFMS4ZKFSSZBFQI;Non-USA; Montreal,Greece
FGTUAUXZNBDPTNUPUBMHMRTXY4;USA only;Massachusett,Berkshires
FGYZEMO6IELRTYV4PDAVOQXBKQ;Non-USA;Swindon
FHVQJ3PER2STB5ST6IG54WYGEE;Non-USA;Liverpool,UK
FHWDQ52GYZFLFQBM4WHST2RWY4;Non-USA;India
FIHOQANBX545OKCX5OPOJREGXY;Non-USA;Scotland
FJF3R2EGZC3OGRXZFKQVVOYHMQ;Non-USA; United Kingdom,Midlands
FJF6GNCTFYTRQZQICXX2SPLWVA;Non-USA;pretoria 
FJYKA4PJOFJKJN7DRBLMI5ZDNE;Non-USA;UK,Spain,england
FKDJ6DUADC4VH6GS7VEUG5EIGI;USA only; Florida, Tampa Bay 
FKOADBBEPPLDGT666KDD6XUDZY;USA only;Florida ,Palm Beach Gardens 
FKRC64LAANOB5FYWRFZ2BU7NHM;USA only;South Carolina
FLB7H33RLHKEK4FJWZ2JCUZNHM;USA only;US
FLEECR5DK7QREUWRSVTQGUYBLM;Undetermined;none
FLKIL6RD5ZNNFAFG2Y2JPFH6ZU;Non-USA;Auckland,Australia, Sydney, Sao Paulo, Spain, Athens,London,Birmingham
FM7TXFDPQAY3V2HXOSFXFP3YTI;USA only;New York
FMQBLFTPFKEQ7QI6I2J2MHFAJA;Undetermined;none
FMTO2VFUUVKTHZ6MAFZQMHRSOI;Undetermined;none
FO2BMNLBF3MRZS3H5WUP7Q6GL4;USA only;San Francisco Bay
FOM7NUUUNVZAH7BZ7BGVGHEM2E;Non-USA;India
FOX7OHMRD5MOSNTCAQSY4A7OGQ;USA only;Texas
FPLCKIBJKRO3OR3XL56JGWHEZM;Non-USA;UK
FPMCIG27CEY6XXUI6GNECC34HI;Undetermined;none
FPYJSSXISQHX7HKQJ6WQL3QSQI;Non-USA;Cairo, Egypt 
FQ6DOGQBBKQMRU5FH7C4FIU454;Undetermined;none
FQIEMASII34O3VIQEE2OGU6D3I;Undetermined;none
FQOHPMCPYM33YCAY5CIB2VEEF4;Undetermined;none
FQZEJT2GFTPF5Y3TDJ4N6YQXRM;Non-USA;Perth, Western Australia
FRB35DBSVGY2SA7V2CM7LUACRY;Undetermined;none
FSI4IVTOJQ7WYVGTHKEJGBAGGA;Non-USA;Devon, UK 
FSMQIU57JIZ2ARGOVA4ONUI6TA;USA only;New York
FSTSWEHW4XTA3JT2GNEXPQOE5Q;USA only;Utah
FTIYITCFTNUZNB7B6HGZXY6224;Undetermined;none
FTMQFW7J3N6VH3LF2AXS55WODQ;USA only;Hawaii
FU6RI3WPWBJJPK7MFVVIIXUAS4;Non-USA;United Arab Emirates
FUVV4ZREPE7KLRPU75LTG7OVNI;Non-USA;Malaysia
FV4H5OD4HNIMBRDYZODE6O5IXA;USA only;Florida
FVBXKOVGMTNROO7WG7NTVS5ZOA;Non-USA;England
FWCG7WN642JJGMUH5A6576KMFE;USA only;North Carolina
FWYVNUEZKYQT434RVRLLZNBX7Q;Undetermined;none
FWZ5LWSONOFUKDOFRT7XM7GNRA;Undetermined;none
FWZP5T4BJYRJUGKNR53LXKA7KY;Non-USA; London
FXWLPOZHX563UUPWOP4XA2VWF4;World;UK, Dallas, Texas
FZ7JAFBXSVRYLOMKU623I4H6RE;Non-USA;Philippines
FZNWDP5OEY3VFJI7ONFDEI4AHU;USA only;california
G2MEGIMO4OAAGYCEE34QBBLDZQ;USA only;Los Angeles
G2VEWLX54ZYPJCOVPRQZC7DXRY;Non-USA;South Korea
G35N53CMEXD7UHHNEOTGRGD6A4;USA only;western Illinois
G3EIX3VZ6A3GF5C2Y3L4S7W4WA;Undetermined;none
G4J7NWZNXUQ7Q2OJUXBFZ4VERE;Non-USA;Indonesia
G4JBEXBPVE3JIQHZBFNR4VFRSY;Undetermined;none
G4LO3A3TUIWJJ5JNLAWQMQMDN4;Undetermined;none
G5KM54ZXEPQ5GWRNQQ7RRQ6EVA;Non-USA;Manila,Philippines
G6PJOXQ2754PXD5RMNT5A2444E;USA only;Cincinnati, Ohio
G7SZ67MCX364EZH7UPSELW5ARI;Undetermined;none
GA27F7VYJWKG4HEIGJ522B4C3I;Undetermined;none
GAVXLCK4MYAAO3SIMWR66X272Y;Undetermined;none
GBPL5G4VN6D4MPONTU3YOTWK7E;Undetermined;none
GCAXN72S4MQ6PJZJKTVOYUYKSU;Non-USA;Jakarta
GCUF4CXLIVQ2GSDXYG7AMEFPAE;USA only;Us
GDUYGYGY62F3BLYXM4VXI777ME;Non-USA;Germany,Ghana
GDYH7DT5HBX3Z3F7VMN24M6B2Y;Undetermined;none
GEH2EEQZHFL3TJVER7Y5M34TXI;USA only;Charlotte, North Carolina
GEJ54B3HJ23KO5K4ITPMNS3B2Q;USA only;Great Falls,Montana
GEMNA6UO46XEPBRHN4LWXHKR2U;USA only;Santa barbara,California
GEMXQVENOIKCLKSOZIWVH4UFKU;Undetermined;none
GEYCHGIEPCPJA3LP45Y5NGPFEU;Non-USA;Spain,england
GFS7BPY55A6J37AJEZNXVIJ5ZA;Non-USA;Croatia
GFYVRC2H3XKSGRPY43NB44OHBA;Non-USA;India
GGBMRJ65MQ6WHAVBWFPEK7IV4E;Non-USA;England
GGZ7F6Y4T6ZECVOHR7MIH5ZJTI;USA only;Los Angeles
GHYYLZEQKAZO7TQPOM5HUEJ7N4;USA only;Florida
GHZO3R7CNANQS7VYMKMMGTM7BU;Undetermined;none
GI7WKD7A6I6GO3BF4PL5DJDEII;Undetermined;none
GIJUTZTMGXMTEGQ4S6SJKAOOMY;Undetermined;none
GJSXWNUF7N3FNKYEOI7IWQ6WW4;Undetermined;none
GJX4AMJSYNGWMRCOT5GUISSWWE;Undetermined;none
GKDCBCPGE2QBBQGNAOJZBVC3IU;Undetermined;none
GKLO7SGZSWQYUZX2QOJICQM2DA;USA only;Kentucky
GLEOHBJHQ3HSCL3XTHEEME2UVQ;USA only;Brooklyn,New York City 
GLGPWPFOPANIDCA7MEOKDO4HWM;USA only;New York
GMCGQVGVW2EFDVTFSWAVTY5ZUI;Undetermined;none
GMN53FA44MQNUOGWSAN44HRI5U;Undetermined;none
GMO2SYBGZRJ4V7WFFHFZWZNEIQ;Non-USA;Egypt
GNMKMKKITSTHTNMZR5FOUCYQUA;Undetermined;none
GNS66BT35J4KMR5M77KY2CMVIU;USA only;Colorado
GNWBNV243R47HKZRQZ45JKHP7U;USA only;San Diego
GOAAEKKZZGBWSAPNWGAGOSXB74;USA only;Tennesse
GOM7P3QLGK3AIRWRLL3VAVYSII;Non-USA;Rhodesia, South Africa, London
GP4EA2POXUBFSWBH37JBMAB3IM;USA only;Columbus
GP6SZEMDJVIJUJBDZETJFLZRXY;Non-USA;Victoria ,BC
GPPASW7FNASGVS6PWB7KCAGPBY;USA only;Texas
GQDUI3WBTWVOOPUDGW43HEJ6MM;Non-USA;Jamaica
GQFTLCO432Z6D4USTC37GO2HM4;USA only;Detroit 
GQWWNEOV3XK5GCD62DEREIUKTY;USA only;Washington
GRGHMP24PLD4ZXRTUFAVOXGKUY;Undetermined;none
GRIFH6UEO3YRE25HHGMG34OIXI;USA only;Ontario
GRNFYSFBOCRUDVGN4SY6GJIPGM;Non-USA;England
GSAVI2JEU5G5QXKUL6F32UW42E;USA only;Ozone Park,Queens
GSZC2M673IRFFMQ2UIWVRSX3FE;Non-USA;Wales
GTCXNLGUMHAYE42PFD6ZFCJKDY;USA only;California
GTFRDVWSN32E62OB5AZUPXQCJA;USA only;Colorado
GUOOFWGDFWWA4EMAP5OSTIAPJI;Non-USA;Italy
GVDANU2AHE6KDKJ3ZSLAKZBWGU;Non-USA;GuangDong , China
GVHGAV7IYILJTS3LVW7X6DDRDM;Non-USA;kosovo
GVZB5RMB2XYLAR5G2MDVNSPSAI;Non-USA;England
GW3MI2WXOWYVVPUISZ4P7YYHXI;Undetermined;none
GXAJ3M3PSDS2ISGAI6ZEKKYUVA;Non-USA;India
GXFBHPZAEZVHBBS2UEX3OTC7LY;USA only;Killeen, Texas 
GY2TNCDKQ6NFEPWNIL6D3A6UD4;Undetermined;none
H25FANEZ6IAZDPAEFCSIHH6WIY;USA only;Colorado, Texas
H27HFYB6FV5ABLGATYOKRK72CY;Non-USA;Rep. of Ireland
H2HT24VBUJ2SSLBV52OTSCTB2Y;Undetermined;none
H3ECFX4TDI6QF3UJTUWLZDZ3AM;Non-USA;China,Chogqing
H3TMOGXNNZBKVGKHW32UV7TI4U;USA only;Wichita
H3ZEPVASTPXQG7OIY2JLSZN2FY;USA only;Wisconsin
H4A3FGFKHT2GUZS6N2EZQTJEDU;USA only;Las vegas
H54ZRGSWX4FSSA4TH7QFMEKI2A;World;Tennessee, U.A.E ,US
H5EM2UUZT5LXLGUKIK5QNWUJFI;USA only;Washington
H5PSBGC4EKCPUPBTCKB3PE44EY;USA only;US
H5Q2DIZXXAVNHRNAUVVZMWJPUM;USA only;Cambridge, Vermont , Albany , New York
H7L2OKLQJT3JSF5GPR64FK5GQI;USA only;Seattle
H7XZO6P2ELRFPHCGYBNQNXLSWI;USA only;Park City,Utah
HAKIQZYOUFA6QCHPEZZF7YQ6TU;USA only;Tennessee 
HBNOFO3KZ6NKNSE3OQ2IHYFKMY;Non-USA;sw london
HBZUA66INFQOBSSADOJXDD6P4M;USA only;Utah
HCWPJPLX2JQ2SWTNYEGLZQKVWM;Undetermined;none
HDAFHGNHSR63ET3BZLTXJT2V2Q;USA only;California
HEACR3QMQUD4HRACYX75LNVP3U;Non-USA;Essex,England
HESXVPNYLO7X3SUFUL2HIXUD5M;Non-USA;Scotland,UK
HEZ4RKFK4FIEF76YAZWQ5CX4CU;USA only;Baltimore, Maryland
HFVHIGDDXFSIKLFPRORQYNIR7U;USA only;Florida
HG35KSWSHUDSKQ7XNWIPS2DRF4;USA only;utah
HGDP3XE2R76OHNRPEKPIHYC24A;USA only;Big Rapids,Royal Oak,Michigan
HGJCHI7E3JX576TCM6BXHNP5NE;Undetermined;none
HH477R7SYG67U6HSLO7I2VJ27E;Undetermined;none
HHB4JJ5G7C6NUJFRCLFDNC6AUI;USA only;Brooklyn,New York,Staten Island,Fort Lauderdale ,Florida,Pompano,Boston
HHBET2G66G7IHUQS7UM5D3T6PE;Undetermined;none
HHFYOCUTBHZ6DZEEYUT5LM2Y7Y;USA only;US
HHICVOF3BWSHWZ7CWRCWU7WKQM;Undetermined;none
HIAOGL3CL6WFVKBEKSZF47SYLU;Undetermined;none
HJAWQCWG5MYEICWOBFSWBD7JPY;Non-USA;England
HJD4LFGD3FVZGQBAIWS7GTQM6U;USA only;Battlement Mesa, Colorado
HKONPBLFUSR5LMRCRWROC2O2LI;USA only;Brooklyn
HLBLCXRCJ5NI2A42BBXQ4QIXNM;USA only;California
HLIQ7UYPP4D3BKMPU5ZRX6KMOY;Non-USA;Akron 
HMKCEWZBBNIUK7JJJXPKEP2BRI;USA only;Arizona
HML2AWMKBFCVKLZFMQ5UD6GOO4;USA only;Midwest
HN2S4IKBTZI7ZAD2LFO2BXA7FQ;Undetermined;none
HNBUDWAKMKRFLK4QO2F2T355TU;USA only;Maine
HOZ5PWUDPNPKCHI7ILGE77ZQ54;USA only;Virginia
HP2AVZRXCXWFHGTE32QEK5D7VQ;Non-USA;Vancouver, BC, Canada
HPLLNKB2BJCARPSICNZAKSH6D4;Non-USA;Canada
HPSRGPAZ24U2XBSG4ECIR4E2HQ;Non-USA;Sweeden
HQ5LF7D4TFG5NZUC5EXZFLNVTY;Non-USA;Canada
HQA3JGI6XQBHADKRE2RSKTLJSY;Non-USA;Cheshire,England
HQZXNX2C4742TJY3A2M5Y63QPE;Non-USA;UK
HR652HZGRAQIJWYYHZETTQ7XSA;Non-USA;London
HRQTQH5MB6F77OXXVMFLXFFP3A;Undetermined;none
HTPKIX2BACGFIPTWYK7OMDZYHU;Undetermined;none
HTQ47TPSRFOPVPO2WHBCG5PGVA;World;Philippines,Australia,US
HU34QMGES4B6AEF474BM43UNQY;USA only;Fresno
HUI7GYVUCD6XBHPSK4MRFAAYBM;USA only;California
HURWD7Y3KIFVBZIVMUZ63I2Z5U;Non-USA;Japan
HVKICY6KD4MXJC63USEPMQQLUI;Non-USA;Sydney,Australia
HVWPK3VMWCXEDPWQ2GA73AJE54;Undetermined;none
HWESTZHVQK3VQK5KR5TMAO6WV4;USA only;Arizona
HWXXENUZF5X43LEUTLSIHCMZJM;Undetermined;none
HWY6FTBY35CPZJG5HEWRG7KK3Q;Undetermined;none
HYSOFYQSQ37MBILQH3IBBCGTOU;Undetermined;none
I455FSXOGNOVVSFWI2VU7OPE2Y;USA only;Iowa
I4DPXFH7XFF3BN42HDOUV3HG7E;Undetermined;none
I4P44NQK34L4R2L3NFGI2QZRGQ;USA only;Sacramento, California
I5DJ5UDHBPZBUAMQ6KFXLVWS3U;Non-USA;UK
I5K22P4GM3G3TWLWQTO7UKJBOE;USA only;Smoky Mountains
I5QZKFDD4FFIPUFV4A5L3HDXAY;USA only;Florida,Seattle, Washington
I63DQ5XLIDW5DYSVK7ANQHTT4I;Undetermined;none
I65277WL5GQXWBSGKZUTHDHFRY;Non-USA;Indonesia
I666I23KPVCX2Z47AGNLVMOFQI;Undetermined;none
I6Q5ZPEAKDQXTKIICONQ7UMD7M;Undetermined;none
I6SAZF6XUGPP5FAE4QODMNXGN4;USA only;Genoa, Ohio
I6TY6E6X6JGLHVKFCE5ZKVAW5Q;USA only;Stockton
I7CF7EWBDY273HP3MHFR4QIPAA;USA only;midwest
I7IRHRDELE62KVWD7KLMTGX3BU;Non-USA;Liverpool
I7R7BNSFA43CYMPEN4RVNWXDUY;USA only;Colorado
IALCD3DFCK37SAKVV46R6GGISE;Non-USA;Lebanon
ICMPSUN42Y2SMZZZ7WYBOVQCGM;Undetermined;none
ICRMC2EIR6DEMWNHGPASUWENOI;Non-USA;Cambridge
ICS6ZGMHWJEHY73ZUOY5KFLIIY;Undetermined;none
ID3GFGOESIAWRL3AJ3DWIRXNQY;Non-USA; New Zealand
IEGFDKCEZYBT7FP6HXGAEXQS7E;USA only;California
IF7FG4JD4NC2FRVUGQBFYTIZI4;Undetermined;none
IFDF26QYOO5JMVJCS53ZI2RWRU;USA only;Oklahoma
IFI6NYBC2LRT2U4YVYRURKP4KM;Undetermined;none
IFNU27VY7P6SCBUFE7L4IFUZEY;USA only;connecticut
IFUMAFK3FCDM7GKEGHKVIYWLRA;Undetermined;none
IFYHMC3PNDCGXTWTAXOTWEPAYU;Undetermined;none
IGI2654VRSCKAOMYNZC4IUPM6U;USA only; Phoenix,Arizona,Tennessee
IGJVPZMI63DRPEPKDQ7IZFFEY4;World;Puerto Rico,thailand,US
IHKMRIBSMMTJC3W3JHGMPKQCCI;World;Southeast Asia, Canada, Mexico, Philippines, Okinawa, Guam, Wake, Hawaii
IIHEJNKQUMPBKVHIA6E4NG7KIM;USA only;California
IIHXMFCWUCP4VXGSQYYRMSPN4Y;USA only;Vancouver
IJUUIHTJGYAPPHCB5X2CIMSHWM;USA only;Wyoming,Phoenix
IK2YTSLAPZSQXEWFZDTW4CU2NU;Non-USA;New Zealand
IKQADMB6XSLC3LEJHME5KDPZTQ;World;Germany,Tennessee
IMG37GTQLEPSYTIBIC2JBDPI2I;Non-USA;India
IMXJABTJGPNQOQDE3GCCVENBW4;Non-USA;Canada
INK7O3BAXWEA2DFAI5ZDQKSJ6M;Undetermined;none
INNIHSVVLV3Y7HAYNA762TLJBI;Undetermined;none
IOJ3QPHIPE4HHCGRUZT5XZKJDY;Undetermined;none
IPDXJ4ME4FLPXXXFJCZYM5736I;Non-USA;Dublin, Ireland
IPHMO6KRQ46SB2HDPE5CYVV5RY;Undetermined;none
IPL3NSTMP33KUC2MSNDGXXSQQU;USA only;Oregon
IPS44RK2BLPHBNWOXTW2J5MO3E;USA only;tennessee
IPZQ2X3PIYBDIZFTTHPNQXAUMM;USA only;California
IRFFGW76JGDDQAROH2HGZZEJ64;USA only; memphis
IRJSM77U2MOYCBLKAVCEN6J3J4;Non-USA;Northern Chile
IRWPGCUZSFTWE5TZ42A6X44VYY;USA only;Florida
IRYGHAFLNY2QWK7AJPATBSMWUQ;USA only;Michigan
ISTIHXRNVKRPC5W3FCXZJJ7XHQ;Undetermined;none
ISUQHBXXVZXONCHOF6NPLOKUEE;USA only;New York
IT3YC6P5RQW65THX62UD4DPCGI;USA only;Lancaster, California
ITK3ISTMHSSELLCAZPGF2WJ76Q;Undetermined;none
ITWALBALD5THOPSDRYHW2A5WYQ;Non-USA;Grantham ,Lincolnshire
IUBWDX2IGBBTIGXNBDUKI4QFEE;USA only;Vegas
IUP5LZ3EL7ENNFSTYOWUJTXBTI;USA only; Florida
IUWOSS3DP6IYLETDDQV2N4IMCI;USA only;Los Angeles
IVAH54XPMDO6B7QRHGAE2GCISU;Undetermined;none
IWBPGS4BD5N6H7MTLTADJFRQKE;USA only;Great Falls, Montana, Florida
IXLBFSTRJDWPBA4XEJR7P2EHUI;Non-USA;Tuam,Ireland
IYXRU3E4XZIS7IJEVAITMLY7L4;USA only;Ohio
IZA5R2S5S76GCU4AZTYE5T5OQA;USA only;New York,Atlanta
IZAHP3NKBV2QE3FS6MNB6RZ2JQ;Undetermined;none
J25C4WNVSGGVJT6UWGT5PIRVA4;Undetermined;none
J25IM7DGIALNQFMJUY7LCCZPOE;USA only;Las Vegas
J2NHBAQZBCDZZF7C4GREFQ3R5I;USA only;California
J3WU5V66LRYQEVMJUXYB26WKS4;Undetermined;none
J4IQZB6N3MT4WYFQFSQBO76DPQ;World;Sicily,US
J4LHKBDM5PIOZ7OQPK4RQI7U5Y;USA only;Florida
J4YRR2JBJ22HBCZ7CPTU3HCCVQ;Non-USA;Karachi, Pakistan
J65U4IIKVE5YMQ4CC6ZXA6E25U;Undetermined;none
J6BN3KID2UBMJ5FPT7VEWNG67A;Undetermined;none
J6YRXPOUZ2KIC7ETA7KHSKBC2M;USA only;US
J7MOEA5MJ3TQV2QKF6SMLH7IC4;Non-USA;Tiruvannamalai, Tamil Nadu,Bangalore,India
JB2ENYUYHQWOCSQ7VSDBVPOXRY;Non-USA;Toronto, Canada
JB7YQRIGI443UYIW7ELNAJK76U;Undetermined;none
JBXQ7ZTESCKSQJL4GB4QNPHUXQ;Non-USA;Barcelona, Spain
JCJCUXZ5PJL57NNUBJ644SDCDA;Non-USA;Weymouth, U.K
JCWOKKKKCTDDSMBBYJ6UHDHOAY;USA only;Chicago
JD233TWGDGVZS43GHMEYSXRIIQ;Undetermined;none
JDBAEJQIJYX6Q2SKH2GBUTY724;USA only;Tennessee
JDJOZQYQUAGTEHIUAJYJQLSSJY;Non-USA;Australia
JEJWHRR67RWAS4QPFJ5ECCOVRY;USA only;California
JEPRJHD7GJG2B5YGEGOFVK4UV4;Non-USA;london
JETBZNIFAKOM4XUGPBOIW5LBYQ;Undetermined;none
JF7BPH4E3DYISY72CRMSK7P5GU;Non-USA;Manchester, UK
JFGJIEXGVWITSRPOIUX7TB7FAQ;USA only;ohio
JG2MGQFTAYRRDSBYD2NN3ISMDU;World; New York,South america
JG3LSG33ZS5TUBADJZIYITO7X4;USA only;New York
JGH42ER2T2HJSJYAR4S3HUHQIM;Undetermined;none
JGJFLMKNMWLYW2PFYRAJ22EVCM;Non-USA;UK
JHG2KKEDTMWMAXPR6AMH25H7IU;Undetermined;none
JHUK2SSSBXS6D57IOMHPIQPSK4;USA only;Minnesota,Michigan
JHY5GA5JGG2GVY6LCUQYSTPY7U;Undetermined;none
JHYCP44NCUB5WJ675Y5HZWVBH4;Undetermined;none
JIN7SOXMQ6K4ICMCO5F4DXJ46I;Undetermined;none
JJGMCSNJP33BXKCOSQCLHGLLP4;USA only;Philadelphia
JJOMCNWK5KWRIAZFBTTF5ZZURU;Undetermined;none
JKDPFFYZM7GU7HEWFSLDQVUD54;Undetermined;none
JKNWPFEHJEUCRV2H5S3YPXSBKY;Non-USA;Scotland
JKZKOUTVJFINKQ4YNRSYFDBPII;Non-USA;Romania
JLNVDN22VOFAID2LJV7ZHIA35E;World;Canada,British Columbia,Winnipeg,Manitoba,calgary,Alberta,Mesa Arizona,Cordoba,Veracruz,Mexico,Vancouver BC
JMZU677U4SQAQUUAFEO56I4JCM;USA only;Green Bay, Wisconsin ,Rochester, Minnesota 
JNBEHRUTKOQGS5JYM3E5WYU25U;USA only;Alabama
JNPSBSFRIPLBVQSBIQEUAKIFFI;USA only;rochester, new hampsire
JNVNM6BBHBQ6WVKTHJAANMJ2DU;Non-USA;NSW ,Australia
JO3TZWGYNPBR5XZVXAQ6W5TCD4;USA only;Cincinnati
JO5ANVELQKRZSVEMNB76WTR7VE;Non-USA; Sabah, Malaysia 
JO7BYKKJMW67USBISR2FDVNZTA;Undetermined;none
JOGKURE74A2IH2NWL6LYMKDKGA;USA only;Pennsylvania
JOMPJVAHKKWM4SS74Q4AQYCJTI;Non-USA;Kerala
JPO7FNTUAO7CWXDDTZFBDOKLE4;Non-USA;Japan
JPWEQF6IMCM3W2J4GJ5IW4ZV6Y;Non-USA; Nha Trang, VietNam
JPYFLY4QHOE6VAC34ERWUAGTT4;USA only;Wisconsin
JQ3RE43VLQ7APOM6PZOGDMZILU;Non-USA;England,York
JQM4EC5BJLI5BZ4EH7KYYTWQUI;USA only;Colorado
JQY3GUZQ266LMLEQ6FKJ23P6U4;Undetermined;none
JRKNWL32C4U7YYJ5IFKRMI3QYM;Undetermined;none
JRUTH3KS4J7NJXMKKA6PDD66BA;USA only;New York
JRYAK4JYOX67DUPQ7QT4KGWMRQ;Undetermined;none
JRZC6GCFW7XGVBQQHUBLC2X4OQ;Non-USA;Toronto
JSMKJVPMQSOSDI5PLGRJ4BQE2Y;USA only;New York
JSPB3RJXND7T4MYHE47QPWFJRM;USA only;US
JTJPE3VKBCEPPGOOERYV2W2WOM;Undetermined;none
JTNNHBP7JT7SBLVRPF77PF44FA;Non-USA;Australia
JU7UWTI6NHN7JDEQSPLM4IHOXE;USA only;Anchorage, Alaska 
JW6Y7L75TA5HSLNBT2IUIDDCS4;Undetermined;none
JWK52EUBKVOIYNHTW26RQRW6XU;Undetermined;none
JWL5TZ26PUEHEQI5KF3CIUVARY;USA only;Florida,California
JWNCUIANC4YSAQSSA6MU2IRPHY;Undetermined;none
JX6AEZTZB3EG74FDALWQYMDVNU;USA only;Boston
JXBOTNL6LTLNWSERIPDSGTMYMM;Non-USA;Puerto Rico
JXJL2ZOQBQURRHA3JR56LH7FYY;USA only;Mississippi
JXOQPPO5V4BGMWHRTINVYYQI2E;USA only; New Hampshire
JXVX76IRI7I3DMYUDQIDYRWX7I;Non-USA;Cali
JYRBHRUD3DT75OYVL3EMPR2ZCI;USA only;austin,Texas
JYWJ4SZLPEOYHZRFSX3BZMC66M;USA only;California
JYWRSYJRJRENI7PV2ZF5BDTKDA;World;Africa,Us
JYYJFVKRS46XLZHMOCYQNHVVNE;USA only;Los Angeles
JZUM544NUNB5V2G6QVLHSN3BQA;Non-USA;karachi, pakistan
K24KTH3LV65IAU7TQGVX2BMR5E;Non-USA;Korea
K27B7K4VK4EMKRECW5CBGU7ABU;World;Canada,US
K3OEYWBIGHLTGAE53GKUHRX63I;Undetermined;none
K3QZDMLUJ7Q3TB3QXNNQVMAQPM;Non-USA;Malang, Indonesia
K45KVTHBBTGJLJLNIIXQFWCOKY;Non-USA;UK
K4CIERDCJRSV5THVJI4MU7JHHA;Non-USA;Colombian,Barranquilla
K4HZWSHXNTD3ZWFLE5O5VBUPT4;Non-USA;Ngawi, Jawa Timur, Indonesia 
K54F472PLKIMCDFPHFWXJT4SBI;Undetermined;none
K5ADKMA5LDEXDIFV534G4KRLAY;USA only;california
K5E4HC5XXG57YAQDO6LWBGDKRI;Undetermined;none
K5JGQUGXQCUY5DH3PWTEKB2Y3Y;Undetermined;none
K5VMNR3CJFDMPY2QQQYFY4KBHA;USA only;Maryland ,Florida 
K5VSK4V627ECFFOS44PM5AFYTE;Non-USA;England
K6WJ5RQUNIZGONXC4YGQEZEKPM;USA only;US
K75743YXJA3XPSBLGP3445J3MY;Undetermined;none
K7EJAR6IMTCFPKWJN44LDLEF34;Undetermined;none
KAE4DLVMS55KSYJKQMYZB4LO34;World;Alabama,Europe, US
KAGZWFVF5IXAU65WFR4ZSMR6BI;Non-USA;UK 
KAHXXYZDXZ65WP6F5VHOOGZUPI;Undetermined;none
KBD6SGTV42DSTXR552WTVJ4MZI;Undetermined;none
KBSGIVS22VLIHGSFQPXFUNAL3I;USA only;Portland, Oregon
KDQTYRL2RL2X6ZNSXM67QCT56A;Non-USA;Pakistan
KEHJIZGBRX4U743XPHZEEZXU34;USA only;Georgia
KERP5WYXTL5S64XWFJJP6FYFCE;USA only;Kansas City
KERQGK5XIFIPT56AILFCC6ZG5Q;Undetermined;none
KFLDTIRBNUCADD7JSEQQFGP5UI;Non-USA;Kingston, Jamaica
KHGRL65HJX2543RAXH652W4WVI;Undetermined;none
KHSOFU3YXWNTKIRNLKQ5OAYPC4;Non-USA;England
KHVLK363B5F627MOPZFE3QLIXE;USA only;pacific northwest
KIGTUS6CKTN3I2F5YEE5VCUD6Y;Non-USA; Sligo, ireland
KILPQLQ7GWX2BAWZWSO5LTOUJU;Undetermined;none
KJBJCMAB4PNXSOBZSBCWJS7JFE;Undetermined;none
KJHRU3QRR3HOHNE53IARMQPWWI;Non-USA;india
KKDROL5BMY7UIYHQXSBYHTKR2E;Undetermined;none
KKUWEQ5UX6Z7X5DAKAV2DRYODM;Undetermined;none
KKW5I3RVFTK2UHIENF733UY2C4;World;Florida,Cuba,Spain,Dom. Republic
KMHJFNZXIZK75LDUV6RHZSQSFQ;USA only;US
KMIFSUO2IUDC4PPVIH3D6TCI5I;Non-USA;UK
KMQMZFHQ63SAOG36CKGPOHGA4Q;Undetermined;none
KMU3DQUOEPCGHPRYQ3VADJJYIU;USA only;US
KNV5ILFRMZDGGN23F2FYRVAAOA;USA only;Lenexa, Kansas
KOYZXNU2M7QAUYRQWYFEEYRFRY;USA only;Denver, Colorado
KP4VQCQWMQIQ3X24SO4HPZUPHY;USA only;California
KPUKGTKLWPM5XI6ZWSL6QWYRTU;Non-USA;england
KS2GDFUP27IY5X6FNMDOYZ6F2I;USA only;Dallas
KTABEYROA73X75F7N76IELZVVI;USA only;New York 
KUTSL2F5LWQ6DNQVRLE3C7RYD4;Non-USA;Wigan, UK
KVTCIAOO3KQA3MUO6NBSA4DJMA;USA only; los angeles
KW2QVFQMWEZ6ERTNP5BDYDQXMA;Non-USA;UK, newcastle
KWWBBNY7N4HW42IIUDRYEOCFPA;USA only;steinhatchee, Florida
KY2F3RLNZVK2QN6NEMT5L4KBWU;Undetermined;none
KYWLVLX6XRPCGXFVGDML7J22OQ;World;Middle East,Europe
KZ7THTLCNWPZXTOYAX46C5NBYA;Non-USA;London, England. 
KZNBRTQORN3DTTMBKRLZA4EOUA;Undetermined;none
KZTM5BRNPUAI3ZEEAKLVQXLXUQ;Non-USA;jaipur, rajasthan
KZTOY46BM6VOCMAOMTWEUL7JT4;USA only;Kentucky
L2MDZDTSX4SAFC5HDAE3KDHAPI;USA only;US
L3M3JRRHCAPBD4N7O6JBUSKNIM;Non-USA;India
L4MNLKMDZH7NSLPYFXONYWTRJY;USA only;Texas
L5PRTSRRV4MBXTJPTZIM2C54CQ;USA only;Florida
L64JDCNSF32IPU4H6EIAX667BY;USA only;Washington
L6INKTDAY3W2OO3MLSNGW26524;USA only;Oregon
L6JO2PVH6HIXWFH46AS6XCS5AA;Non-USA;Montreal , Canada
L6KFMLL5MBBSFZJG2RQS3KMEAQ;USA only;Utah
L6XD4BDSHMQ7T3PB4XVZLWL47M;Non-USA;philippines,Japan
L7QCCHI5QJKARBWKWIBDGSYGCY;USA only;Gary,In , Merrillbille , Cronw Point 
L7UQNXJEN6HLJK3HQ6DWFLXJYE;USA only;Illinois,Chicago
LA3ZFACLUVECIY47BTWILSB3VQ;USA only;Miami
LA6AUDHVQMUYZMASPVE5KZDZGE;USA only;Florida
LAMCT5YWFFKIIO47ELP5AGMCQM;USA only;Los Angeles, California
LATZESTKXAUGREZO5GGK77Y4RU;USA only;New York
LAXRHU2RD3LP7PH76D5F5XOFYM;Undetermined;none
LB5G3ZFOJMASHNIK324EDYGSRE;USA only;Dallas, Texas
LBN7ZULV35IF3PEVR6E4OP45DI;USA only;New York
LBQNTNWEFAEIRM5KPZJHDUV56Y;Undetermined;none
LCHVTNFRS345MEZC2PS4NBJVK4;Non-USA;Jersey
LDC45IMZHME2PK3A5NYA7SECNI;USA only;Texas, San Antonio, Chicago
LDTZGVSYHIMQHNFE7J3B66XKMA;Non-USA;Japan
LE77BKQTRMOT62AHUSYG7FS4K4;Undetermined;none
LEIJF7UAHYNINMYTQ6HYR5CHVA;Non-USA;Essex
LETAGG5EMNNK7M32LWXFKV5Q34;Non-USA;Sweden
LFGPKQQLHEAFYQ5POODD5KA6KY;USA only;Colorado
LGDBHMWMF2OXTOGSA5MHHFAIIE;USA only;Oregon
LGZ3GCPLK76LTLIVZZUWG3NFAM;USA only;Utah
LHB4ELQYASEISSLYRNNZBCOGQA;Non-USA;Ludhiana, India
LHFBJRPOFMXQQYZ42IZHXPKIUU;Undetermined;none
LHNYTQ6OTUCEMQDDXHVAGO65C4;Undetermined;none
LHRRAYJ4BZ57LAEQCUGZEOGQVY;Undetermined;none
LJETLLOBWV7EGHND53N3QWOMEQ;Non-USA;Ontario , Canada
LJX5DDJFHU6B54IUFZHDNQXIWQ;Undetermined;none
LKLHFYBIOAB3ZGVEMGNXSEU6G4;Non-USA;Hertfordshire, England
LLVPO4LHNAA5TLVACPYKR3LNFI;World;Orlando,Florida ,Victoria , Australia
LMWLLUA37ZYB5TPJRRRL2PWCEQ;USA only;Dallas
LNKOFECRCXDBUTAWSOGDSWWXEI;Undetermined;none
LNSA2YRYHHX4NJJC7JUAANADGM;Undetermined;none
LO6BOR2WIRGT2MHDAKBB6GDPBI;Undetermined;none
LOUGHCFZSMDCP574MEJL7JU6BU;Undetermined;none
LQ2P4K6GEHIWMC3CFI7CSUJQUI;Undetermined;none
LQMCLO4XFWAFBBPQMOUNIO3AP4;Undetermined;none
LQWZJZS3Z7MRPAHQSPBG5XTSBY;World;Houston, Texas, iraq
LQZ47DDBFNBHT2KW4RI6ZBPQEA;USA only;San Francisco Bay
LRMOPOCRN4IOX5AVJQ3D25GXII;Undetermined;none
LRULA4TCGFK72H6IQO5KF2DG7A;Undetermined;none
LS47GDTED6RMC2JFTEI3CBDOKU;Non-USA;Pakistan
LSCXX5ZAIJJEZEDLZHSTHLUOSM;Non-USA;Delhi, India
LSG5X3TZF4ATHBVPQSP3DC7TAE;Undetermined;none
LSGG37ZXFXMWD6LI5KUI6PXNIQ;USA only;miami,Florida
LSOLNLQAG7AZROLTQI24WUJTVI;Undetermined;none
LSQCUTVV7AFVVJRAJPENDMIR4Q;Non-USA;India
LST635IO66CT3TYQPKNZLASUXE;USA only;Ozarks,New Orleans,Hawaii,Mount Shasta
LSTF6SEWMMOTODYSVS6SUI3HM4;USA only;Colorado
LSTR3PMLI7VQGVGU6E5GOEFAAE;Non-USA;Perth Western, Australia
LTCITRF2U3MZ5MAFFTOY5MBCYA;USA only;Las Vegas, Nevada
LTIC6X6BENW4K52QUWPHWN6GPU;Non-USA;Ireland
LTLCRQ3W4UJUHVCGIO7MNTFO7E;Non-USA;visakhapatnam city
LU3ACOQY2ZMLLIAIPTD7C32PZE;Non-USA;Dagupan City, Pangasinan
LVBMGATCIFSM4CR32BVSSNPTJU;USA only;California
LWUUBPU5MBNGUQ7VRWNSUUU4ZI;USA only;Ft. Worth, Texas
LXAA2UJUIEVGNLHTAJEPN2FCLQ;USA only;Philadelphia
LXWD6GSFGC7KIOCZCG4EZ55UEY;USA only;California, Sacramento
LYAVBMQYK3CK4QTAW6FYSGSUBE;Non-USA;Kota Kinabalu,Malaysia
LYEZBZLU2DVDGCAFZEQJSCNZ2Y;Undetermined;none
LYJDLYJOYHFSTXBQ6NZVA5MLYE;Undetermined;none
LYVRAKYPXYBJKLIHQ5AEP4MM6Q;Non-USA;Tokyo
LZ5J562XLUH6CFOEHCQLJSVLP4;World;Nigeria , US
LZA2IQ2PJFMO6CWBM5VZ453FRQ;USA only;North Garland,Texas
M2R3WAP6G6YYSCE6AXNXT36NQA;Non-USA;india
M2RXZVBWVJA46CLLGAL2XC3ZAE;Undetermined;none
M2TNO4GHJDS4ICNMBMZ4GPHBMY;Non-USA;Romania
M3L2LJM2APVIEGRTMUJEBTU2ZA;USA only; tennessee
M3SPAT6EP3V56CVTMMPHTBE6ZY;USA only;Harrisburg, Pennsylvania ,South Charleston, West Virginia,California, Texas, Ohio
M3TXJLPGMBMLH5YAJMUKT3QOQY;Non-USA; England
M4OWQX3P5HG32HMWRUH4OAOPTM;USA only;Philadelphia
M4Y4YHJPDZWGPGC3HFACW3KLTM;USA only;Boston
M55SRVVETJMDDMGLUL46ZKOJQI;USA only;San Francisco
M56VL42VNOYVAHKNFD3LRO43U4;Non-USA;England
M6HHDDA4IPA3VEVKEQR7AVAAYQ;USA only;Las Vegas, Nevada
M6LH4HTNAKYSYS6TOLK46YWSRQ;USA only;california,hesperia
M755J6T7QCDARRKHNV364YNTPQ;USA only;NEW YORK
MBPBJVKVSVHSIMALD5MF5KJVWI;USA only;bronx, New York
MEYDRUYF562BULBEREOCFRQECU;Non-USA;Melbourne, Australia
MFQX47NROHPOQBMUKOJYXMUMRA;Undetermined;none
MG6TNRVNZWEO22YTIIPVTCEZNU;Non-USA;Nuevo Arenal,Costa Rica
MGHRGDCI33AIEIZAZJ3RVEZ6KM;Non-USA;Australia
MGJ5Z3HHFNKYTWFLWBRVTD6GAM;Undetermined;none
MI26WSG3ALXV23BM4RB7NYAAYA;Undetermined;none
MJPNO7LWXW4CZMQDPPFDFN2UVE;USA only;DENVER
MJY4BM2FQWXKYGYMTKUINMHWQE;Undetermined;none
MK6SH666VYBYCCSJCAR2E47ACE;Non-USA;South Korea
MKIJOV5BPWTYDBTNG257BKPQLQ;Undetermined;none
MLAFID5ZCV5Q2FKO6VY2EHU5DU;World;Iceland,US
MLLCD7COZ4IN2MTA7H2Q3QNVXE;USA only;Boston, Massachusetts
MLXKJSEPQGHHWYDZHNL2ZMVZCY;USA only;San Antonio, Texas
MML436EPYVVDEWJDUA2MLW4VZ4;Non-USA;England
MMTNL4YXN4CRQHCHOMJPYS26SM;Non-USA;Africa, Uganda
MNHVFK2KMJ6NID7B4E7W5HF66Y;USA only;Montana
MNXZLAVXMYEBU5QWITMQNTFTFE;Non-USA;Jerusalem
MO4VSID3EATQGXCLTXC67MSC4Q;Non-USA;Manchester, UK
MOAA5GNHIYQBJSMLIOSGBMDPUM;Non-USA;Argentina
MPDCQU664CXQ6KUZIVFOV4VKMA;Non-USA;Papua New Guinea,England, Scotland
MQDZQ3VOXUYBS65EMIJZJDUVZE;Undetermined;none
MRQ7NUHUJWTJ6PW6A6KG6NUZHY;Non-USA;Canadian
MSIKWEO356KR5JL4B5HMRP6HTQ;Undetermined;none
MTFCI5B2W4KMI3HKKPGG7XJQEU;Non-USA;UK
MTT43KT4WXCHSBGNITA2YFTSWM;Non-USA;Bangalore
MULMBMQWDN2DAK7O6IQEZSALKE;USA only;Syracuse, New York
MVLWSQN6W43XL56NIFTZW7HLOE;USA only;Anaheim,California,Santa Ana
MVOIWDSFQBTNHLE5IDPSI7C7PA;Non-USA;UK
MWWSU66S6VO5U7I2LCQEFWGJPU;USA only;Beloit, Wisconsin
MX24A7NUKSVKGFUTORC77FQEL4;Undetermined;none
MXCUXXOG2WDLFYHUZESGLKE65Y;Undetermined;none
MXIJACBW5ZQMUSPP2CVMOGZ35Y;Non-USA;UK
MXIWXFAMNBDUCLAGQMA5FAX7WQ;Non-USA;birmingham
MYJXJZVPTIOPTCZCL75ITETFAY;USA only;US
MYYZ4OBYECIHHTXBD7REDBILEQ;USA only;Tennessee
MZ2CDA3OSCDJS3N5JRMYHTX6EE;USA only;Texas
MZEKBJK6MSV7YFD4XYWWFNNXUE;USA only;Pasadena,San Francisco
N22CPHW32USL6GVNR72OSWXBHU;USA only;New Jersey
N2DUDUINWTOMFSRO7CDPHFFD7E;Non-USA; london
N3VUOAB5XBIRDBJYYKQFA2DCBM;USA only;Brooklyn, New York
N3XYMSLH3C5KMDTGNXJ7SRHHFY;USA only;arizona
N5F2TV6NDFK3BZBLDQCKLHQYEI;Non-USA;Liverpool, England
N5MMHE2I667XEIKQVPMAYUS5TU;USA only;California, Montana, Wyoming ,Nebraska,Texas
N5OLXWCEEW73XA7Q24XF2CBXXA;Undetermined;none
N6LRBU7EU2MVTQIZ4N2ZMVTNLE;World;San Diego,California, Filipino
N6UYLFYSQ3VQWQQH7N2ERROCNY;Non-USA;Mayfair, London
N72PFC5E6BOZ2IRUCBOC5BOXCY;USA only;New Mexico
N7PI5C4M4GCFUPZ77IK5A5UHDU;USA only;San Diego
NBNMM3WTR5AFIVKPCCFCGE24QU;Undetermined;none
NBP4JKGTS3H6DSU76XN5I6QNKQ;Non-USA;UK
NCOR5TCMCBZI6ZARMDLIXVUTOI;Non-USA; London
ND7DJQALHRDIDJG3ULIQIA3SSE;USA only;US
NEJYPEBLXDI3CHDQWWBBU4O4MI;USA only;New Jersey
NGBUE5IWT6A6SWYONUWPEUBLCI;USA only;Salt Lake
NGJXW3MNIE7CTLO2QENNTAPGZ4;USA only;West Palm Beach,Florida, New Hampshire
NGKO4NH4WQE5IAC4D7ZD76FT7I;USA only;Savannah,Georgia
NGXPJUVJRJTXZ5FACEGG6YNM6Q;Non-USA;Sheffield, England
NH72Z5BXPXQ6MY2QYQ5KAXXI7Q;USA only;Charleston, South Carolina
NIRNBCPOLHBQWR77VDCX7TXEDQ;Non-USA; Brighton
NJ4IEIZQBY25FIG5YVSHC5YQ34;USA only;US
NLKWPBL32BDIT7P5DUQYHEJ3XA;World;India, US 
NNVG2N7UKVCENMKJCENTQ3JWQE;Non-USA;England
NOJ6CM2CB66OKW6KIGHRH3MJUE;Non-USA;UK
NOQO5IRHQTSWRCHPOOQUF64SOI;Non-USA;UK
NOVFL5BTECRNCBOOMDX4575IEI;USA only;Sacramento, California
NOWY5PVMVAOMSLJGC2P7LDXZY4;Undetermined;none
NP753MW6FTIZ5BDBWJVAUJMAQA;USA only;Atlanta
NQ4WTS3NLRE6BWGLFOQ3TMQIFA;Non-USA;UK, greece
NQEBVRLUC6IEW7FKOIEBTR3Y6Q;Non-USA;Sri Lanka
NQF6UNB72DSUU3SDNDBZBRYSAQ;USA only;Texas
NR67IUXZ2JLVIQ3SPGT6TTBQVY;USA only;US
NRC2QZWWJCDW3XQBEXKCPUZU2A;USA only;Iowa
NRJIVNDDPBFXHOXYGGHG6G4CQI;USA only;Richmond, Virginia
NRNWLPONRVIUZ2HE74NIH4HMAI;USA only;Austin, Texas
NRYAUCNRQ5IM6VSKMCSCGNN3JU;Non-USA;Scotland
NS5PRNB2X7IHPRNBLRK4T5BQO4;USA only;Oklahoma
NTBXJORFLLHPSJTSSV3UQJJD5U;Non-USA;Sheffield, England
NU5UYTVELOXNDPRFEMQG3ZKW3I;Undetermined;none
NV3UWDHHQJ6UG4VYSK4GLKZGN4;Undetermined;none
NVQTWWS3NGHHU5EM65H3HEK2PQ;Non-USA;shimla ,india
NVXKLK6665UJRHO2X5E3VQRVZM;USA only;Las Vegas, Nevada
NX4XAN47FZNW6ZMN2A3ZXMFJWY;USA only;illinois,texas
NXDEC2RQU2Z2D3TBMBWOL55V5U;Non-USA;Malaysia
NXGIFJZCGYBI4BONWRQVFJSWUY;USA only;Alaska,  Anchorage
NYAYTVM57GADE2UE7ICJJYZZ7Q;USA only;indiana  
NYLFQBPRRBAETEGORFWBKCINUM;Non-USA;UK
NYR6PTHKGCES6BVXJMNND4IVGE;USA only;Groveport, Ohio
NYW3KAVB5W4MWNCRXQZUKOH3DU;USA only;Dallas, Texas
NZB6BJCH2K6675BFV3KF5K3X7A;Non-USA;Kerala, Dubai 
NZNVQYKNCPAHZABJANSPFAT22Q;Non-USA;Australia
O3IIRNZFQFLWI6LMXEPMHI5WI4;USA only;California
O4IZJDEC5AJP43IA4DE3D7TMUU;Undetermined;none
O7SYLTGOHJKJLPQGVUDCUQGZHU;USA only;New jersey
OAHCA2OZRI4WXF72SF73U36ZQU;USA only;Ohio, New York
OB7YW5MY6HULKNIH3BJMV3WGS4;Non-USA;Australia
OCS7YXDLJ5Y4H7D5GNTQWHPBAA;USA only;North Jax, Florida
OGB5GFGEILZLSILYK5DVCNTAWA;Non-USA;bosnia, herzegovina
OJGAXOP5RSBAVHNRJ2AU4ZSKXE;Non-USA;UK,South africa
OJTYKET7QBW4MLR7BQNYCFI7NI;Undetermined;none
OPDYARX45GB6XS273K7IJR5BFA;Non-USA;Vancouver
OSPRQO4JNSLF36EHYBZW2DT3WU;World;London, California,UK
OWGG5X4TIAADRJOLJI5I3HNDJM;Undetermined;none
P22ZL7YPKWJTCENFJVVMGBFSJE;Undetermined;none
P27IMMKUQFA5LYN6CQM3XHP234;Non-USA;UK, Leicester
P3JJTQXE5NJH24Y76GY6R6NTDU;USA only;Texas
P42X2IO6ITFEKANIUEWN2C5KYU;USA only;Northeast 
P43SITC356HYNVCA5BUDNLP6X4;Non-USA;China
P4N6446MCMMDOIKC6TLEUG5MYQ;USA only;California
P5CVKDYYGRLAL3YISIMKHSXFLE;Undetermined;none
P6MSTOPQA6J5NJGM3EI4PAK7MI;USA only;Fort Campbell, Kentucky,Ft. Worth, Texas
P7YCSKGDEWFRKJPNYN4Q5T56OA;Undetermined;none
PAHHMYH22R55ITYQP4A2FMDOTY;Undetermined;none
PAJBOFGHHRNSUD3F4UMNDYROFA;Non-USA;Australia
PAU7N6HF6XMJPXYYOXR4ARCWGE;Non-USA;west yorkshire, England
PAWZ5ER4EOYAPOTIE57MUMZ7YU;Undetermined;none
PBFYQVLESWNXOM2OKV3VXSTVIU;USA only;Germany
PCRAYZI4TK466MMSQMOE7WUGHA;Non-USA;Australia
PDN4JGGGNOWIFTK5TDPRRJ2YMM;Non-USA;London
PE7JGVCR4VEZNCEOHVOYCKJTUY;USA only;Chicago, Illinois
PF25SG7YO2IK5GGFNP6JRKO2OM;Undetermined;none
PF2E2VPD27RLKX3AVYC3Z6N65Q;USA only;washington
PG4NMAGRSIZQMFKHNHLAX6WYAY;USA only; Maine 
PGGSAJSL6ZGAZDHBQFXQU3BQRQ;USA only;Vacaville, California
PGMM4FK4W7TDRVLWNEJUB5YABM;Undetermined;none
PHHAR4JO5D3XCCOJOGKR4YRU5I;USA only;Mississippi
PHRFUU7OJZOXMCPLAOMQOL3XDA;USA only;Deckerville,Michigan,Mio/Grayling
PHWEB3NX2AXUM4VVYGAT5XZLRA;Undetermined;none
PJ74MK5TNJTZ7CMTM6FWQCXFLY;USA only;Washington, DC
PJFBK6GS7JDGG44AWRYCDARLYE;Non-USA;NSW, Australia
PK3GTNWOCABR6CF7ZDZQSHWF7A;USA only;texas
PK3MOANASV3J36EMTD5XVAVPPU;USA only; New Jersey
PK5YX2ZWGE7LTNUDGW4RD5WQ7E;USA only; new york
PMDO3AB4JPKK65ITGY6XDWMJZ4;USA only;Seattle
PMLPSS453XBOPQEXGM5VPWZ2KM;Non-USA;Singapore
PMMIKORTASUTCYFBUF7PFBVAKQ;Undetermined;none
PMO23WLI4VLILJSG4XNTPTKCD4;Undetermined;none
PMWDZ4KDHUTNJDJW5YYRRLJG4I;USA only;Hollywood
PO7M6MNIMRXVIPHDI36YW27CDU;USA only;Plano, Texas
POG23SO5WU52FSXFO554BFZKNY;Non-USA; gourock, inverclyde, scotland
POXRBEFMLHHOWSLOW62OE6D3JM;Non-USA;jamaica , negril,canada, Ontario
PRK766HLITO7WLUT7ADCLQGOVE;USA only;Wisconsin
PRKRM532RQJUND2FMIC47ZUKKQ;USA only;Pennsylvania,New Mexico
PRNJUZB4LB2C6WHWLNF5TECJB4;USA only;california, texas
PSDF4ENIOMOV354OPMLESM36BA;Undetermined;none
PSIJKLC4HXL3UXQQPC3EUAYCIE;Undetermined;none
PSTSYNYKZA24K5QUISLOHUJ4WQ;Undetermined;none
PTVYOWRPDWGBYUUU5LWQ2WMUZI;Undetermined;none
PUFQEP5TSTQX4VERRSHFGS5RJA;USA only; florida
PUJZYPLZ5QNA6PD3NG3FXQ3HAU;USA only;California
PUMEFC3LQT5FWRFL4ECKUVAXYM;Non-USA;mexico
PVGIUZM5XIOOFLI4GGXA3ZTBE4;Undetermined;none
PVKB5JIGP52W6W6FLZK26AGFVE;Non-USA; Peru
PWLMSCZV23VMIH5HKXVYNBBC6M;USA only;Houston, Texas
PX3RNREYPXHHE6D4QCYJLF3S7U;USA only;New York,Philadelphia, Pennsylvania
PXE2X22NV3I5ICXUWZCB5PCF7Y;Undetermined;none
PXZEIDCWY6TVQUAYPJUGS4S6CA;Undetermined;none
PY2INJZ2ZIHSYTQRQMKQRKXJM4;Non-USA;South Australia
PY33C67Y66TASKB4J5CQ2FK56A;USA only;Arizona
PYR7QOMWGEWSSRGU7VOURQK2PU;USA only;San Diego, California
PZFSNV7L5WIECDPZEHZXRVZYJE;Undetermined;none
PZWR5WEFSDCZCIDRBETLIHBLJ4;USA only;Los Angeles
Q2CFQBTRG2J33WWPRZ4YOU5ERI;Non-USA;Harare,South Africa, Durban,UK,Namibia
Q3FFMKDVNCSSGGBOUEXINZIBZI;Non-USA;Canada
Q3PTYCFK65EEXNRUYZPUSWUOSI;Undetermined;none
Q4KWAT3F42OQWMUK2PP7MKENZM;USA only;Albany
Q4Q7PI2JEKLZSYQFWLFCNGQ3MY;USA only;Florida
Q5FM52FJDGOA5C6WFN5QUC5F7U;Undetermined;none
Q7Y6LYEHIUVMT444725WNWI3VA;Non-USA;Tirana, Albania
QCRQGXDNDT7P4A6K64E53TYAQU;Non-USA;Ireland,Europe
QCWF7TZPPEGX22NUAVZXLW3VAY;USA only;illinois
QD22IB67V6CQVUSNBUYAANSUWU;Undetermined;none
QD3IVQNC6ZXHSRVTHEQSZTYKY4;Non-USA;Puerto Rico
QD4WYLAR3Z7T4ESESM7FFTO5HQ;USA only;Virginia
QDZZ7DO2J746UDCNURAYAKF5F4;USA only;Seattle, Washington
QEF74YTQMIIOY72UOTVMUSJOIM;Non-USA;Kanpur
QEGIHY6G2OVKB5WMRPD5K5RC7I;Undetermined;none
QFL45WTCEPUENKTVM4HG3QHQYI;USA only;Manhattan
QFPNHU4ZQ62SVZJO2PTWGY3LRQ;Undetermined;none
QHJAZAECPVML5A4E5U3A22Z24E;Undetermined;none
QHKU3MR4P554I5P4C3HS57GUAI;Non-USA;Jersey
QHTKETBJF3XBJHYPCEVTIIACXM;USA only;Los Angeles, California
QITLNLUWNFRIXJEY3XYNKTIHLQ;Non-USA; Egypt, Alexandria city
QITZRU6YBXIIJX6Z75WNBDKUO4;Undetermined;none
QJ4U4E6667ZYKPCSYYGMQA36II;USA only;Cleveland, ohio
QJHGRP2L4JM4DE2IR3SNUCJYGU;USA only;louisiana,baton rouge 
QJHUFZSYGS2V6MOMXQCALYB2HA;USA only; Rancho Cucamonga
QJU6R5N3UTGSQGFCHPZ3IA5JEE;Undetermined;none
QKDAJ5X37G7VWKLVCFAXWOMPPY;USA only;Moorhead, Minnesota
QKP7Z7GG6Q22XIAS44RJ4P52FU;Non-USA;Argentina,Japan
QKTE4CSRMKA2GPJWRFZO5C3G7I;USA only;US
QM4BWYPTZ62ZXQWTITVBYMDPNU;USA only;Washington DC
QMWCAGJWAYJTJTVCJWTTZSQPCA;Undetermined;none
QMWNSE3PJVSU5XR4VXJE3LARGY;Undetermined;none
QNJAC5ZNV6GZNZUA3LJZ6DMIW4;Undetermined;none
QOINHAWELSQURKTJYOM36NJUDA;Undetermined;none
QOYCUO5IUTHFCHIEV3Q7DO3GH4;USA only;New York
QPAV6TTHOKP4ZXV7CNJYB775QQ;USA only;Minneapolis,Minnesota
QPH7HPN246IDSQVWFPT3NNY62I;Undetermined;none
QQMSTHXG4VYO7BJWGMZSWIZHKM;USA only;Indiana
QQPPR7CV4SMVEIVCV7QM65L4BA;USA only;US
QR7MAPI5ZJDXHV3QNCUAOPVWKU;USA only;new york
QSUA62AQPCSJY4VE75HIJZYVKA;USA only;Jeffersonville, Indiana
QTZJUBP7HIE2JKRMH2UCHG7DWI;USA only;Pennsylvania
QULELTX5E2XVKZND4H54KP5VK4;Undetermined;none
QUN2MZKOX7GUUWROZ3CVRPLP34;USA only; Dallas, Texas
QUUNAOORHUH6AG2P7GXI54RKJM;USA only;US
QUZGXWYE6VRQMXNCRZKOR6HHJA;Undetermined;none
QV24ASL4OYMHG53RHAO5ONMILE;Undetermined;none
QVAO7K5S7EGPE564S25P5PAZHQ;Undetermined;none
QVDF27UCSLYCNEZMH77JGOPHFI;Undetermined;none
QWE54DTMTDZUWE5XSHF54TAMBI;Undetermined;none
QWSYYSB5IAKNBYGHFDAD73Z2FE;Non-USA;Manawatu, New Zealand
QYWD6FX5UEFKOGSS627FMCGL34;USA only;Reno, Nevada
QZHI72BCSOHKVUYGQV6ASWOZ7E;Non-USA;INDONESIA
QZJ2PMHX6JOBU53WLXN7I77OSY;USA only;Texas
QZXWHQAKEOZTW6U33SG26RM6IQ;Non-USA;vancouver
R3FUDAZR2A2723AIKSLNASHABA;World;puerto rico, Far Rock, New York
R3HJVNUYFR6YD47HN4OBK4WH3I;Non-USA;PUERTO RICO
R3IIAZJHFIPEGDTOZP7IGZPOZM;Non-USA;Mumbai, India
R4FNXAHWO7U5DQNUM6E4GCHF4Y;Non-USA;UK
R4IRCIF5XHMR5VDZVFN5GW2LMU;Undetermined;none
R4JRJ7T6Q66R4Q2ECRCJJ4IELQ;Non-USA; Iran 
R4PRCKD3I4WCU3LJJZQUJ73FQY;Non-USA;Oxford
R4Q66COWRXJJTO57QPQCGTUIZM;USA only;Philadelphia, Pennsylvania
R56MXYCJJJDRGPJ3B35VF4X27U;Non-USA;ontario
R5R3I6EXVLAR3TLLGXJ2GHUZ7E;Undetermined;none
R66UQX5G6MVEXKQSKQ7FWDBDBY;USA only;Birmingham, Alabama
R6DVCNUABMVYUFKE6HXND32TNI;World;UK,US, Canada, Jamaica, Bahamas, Colombia ,Indonesia 
RA6EDPX2SMFA2I5NOBQ5SUSARI;Non-USA;Singapore
RAEYQ6CXGYKFZKVWV4I7X45YCU;Undetermined;none
RAU5O6L56DGYXXX3J4JTN2J5OE;USA only;Michigan,Scottsdale,Arizona
RBPSKY2GWBVTTK3UTUV3BWTWNI;Non-USA;India
RDHXRW35C57DFY3R4YTNHQB56I;Undetermined;none
RE75C5YPDTIKMFRYQAYYWCXSBE;Undetermined;none
REVDB7HZCB7URPOMVHOSJLHPPE;Non-USA; new zealand
REYHT7GGQFNY6HCGOD47R6C7HM;Undetermined;none
RFJQOYVZC6IFNJGEFZDVYIKWSE;USA only;Michigan
RGWDXRCLY3CV6VPJAEZDQRR24A;Non-USA;Germany
RHB3RAEC3D7PP76K67SXOZHYEQ;Non-USA;Canada
RHRR3MLEKF32FTXPWHNOFGBMVY;USA only;Massachusetts
RI4SERRMVTCXZGBIVAO44O7XSI;Non-USA;UK,peacehaven
RIBOZO5UHFBSHTTP2EYLIWURBI;USA only;Boston,Massachusetts
RIHJES5CZZOD2TWCT2W36GDO6U;World; Illinois,Poland
RIIM2BXK6FKSYVSX45OF6XMJQE;USA only;Ohio
RIVH6KAZUMNQFH6W7CR4VPME7A;Undetermined;none
RJHGPJ6T4D6Z7YG5KSAKTDPKXY;USA only;Chicago
RJOKBVL5LYYZAFAIVPOZAN4NTE;USA only;beverly hills 
RK3SOZCNKLJXRAL6CSUF4C7KPQ;USA only;Texas
RKNMQDD2I7YLI63UEUNKLLM52Q;USA only;California,Arkansas
RKWFPEFR764YNBGVE46HZ2U7MI;World;Cleveland,Ohio, England,New York
RKZBNOLBH43GXUSF56HXLDQFCU;USA only;Pacific Northwest 
RKZJT5TYBTDWK5BOLWPK7K6AQM;Undetermined;none
RLLMSVTS5QBVY2RXCVKSISNZDA;Non-USA; Navi Mumbai, India
RLNZCHRA7JOX2CCNGH2ZM3RZRM;USA only;Oregon,Southern California
RLWNXP42VCHAL2KS3BVPSUBPEA;USA only;Conecticut
RMO576GEVERHZUGCYTG6RLDTA4;USA only; Seattle
RNSBVRH7XLY2QYTAHLCVVYBBBA;Undetermined;none
RNYEXJIC3TWDDA6KTDRWOIQGF4;Non-USA;South Africa
ROWLCLK74HAWO7YXWFTVS7UNAI;World;Mexico,Northern California
RPCKOMNHXHDQ4KNKTANPFJ3ZZI;Undetermined;none
RPGLOVEDA2XPDY5BYCAW46JR5I;Non-USA;manchester
RPIXOMMJVBEAH5D3UGCRIDTSFM;Non-USA;Queensland, Australia
RQXESV6USCMWWPHPGRF2IUDFUA;Non-USA;India
RSKRJOAFYVYLHPSUMMDTL2U73A;Non-USA;Malaysia
RSWXXBNJZCBNHYZ7DFB5SOFI7Y;Non-USA;Australia,Port Moresby, Papua New Guinea
RSY2DTJ7DHNQ2YMKRNY6XVDKVA;Undetermined;none
RT5PWV5NMZ33I2GTI2OTFDANFQ;USA only;California
RTGICLBQUIZOQDYMT3QXXQTJGU;USA only;Chicago
RTM4HHNFAO7SVJLQVDMSJD6Y2Y;USA only;Indiana
RUGV2GT4AGNZETIFZNZSLX25O4;Non-USA;London, England
RUOTRTNYCBFFKFR32TE2KPN4QM;Undetermined;none
RUWMCHB5SHYSBMT5F4KYFNXSKM;Undetermined;none
RVDH6NQXGWLS5UU3A2SII2TA5U;Undetermined;none
RVZA2VMBPK4RVUXHOCQDKQXQYA;USA only;Washington
RW754ANPJRIJ2RX5LX7SEEHJ5M;Undetermined;none
RWSLZZAI43RKO5PAG2CYVZRY6U;Undetermined;none
RXJPSH4D7NKW5EH3ONSYMBUQJI;Non-USA;UK
RXLP4PWMWA7FZT3UITOFSBDH4M;Undetermined;none
RZU4RYSN3PYAAZZHRRDP26Z3S4;Non-USA; Netherlands
S244JHTS4SFFNGETM5J7DHLG7A;Non-USA;England
S3NGSNNK74UFZAM43L76TZ3AWE;USA only;Michigan
S4MNZAJYHTSTDDZHI7LXGSGE3E;Undetermined;none
S4PA22FQAUJJT6TQEL452DZKSY;Non-USA;Canada
S4RCZODQOLGNK7XRQZPNLQCBC4;USA only;US
S4YAGZQPARZ3OZMWWYL3CJX3NQ;Undetermined;none
S673BC6BYRZYIKW243BB7P55Y4;USA only;California
S6GLYB3WPHLXMXP2Z3FAFHYQVM;USA only;New York , Bronx
S75GFJA72TPEPMBN5ZLWNWZWE4;USA only; Lake Champlain,Connecticut,Vermont
SA65NBBV7XAGOURPIMY647PBWE;Non-USA;bulgaria
SAGW2YM3WZMRGI6W2S2E5SR6II;World;Los Angeles,UK
SANJVSECE2LXUH4PKZ6YSLVRKA;Non-USA;Australia
SAPZ4MWTHJ7SE4KYKPTAUDY4KI;USA only; New Orleans
SBNOHD5R2GTDLQUNQWEWPR5URE;USA only;Ohio
SCXCJKDDUHR6KPNKLBE2F36NEE;Non-USA;Worcester,Stourbridge,Telford
SCYTK6H3DLFHA5263VRBKWNZP4;Undetermined;none
SD23ZAR76WVNF2P36BLTC4DBMA;Non-USA;UK,Scotland
SD2X3TYYKX32R45JAZ3ARWDIEA;USA only;Virginia
SDUWNBTPT247XAHI3WO23G3RWM;USA only;ashtabula county,Jefferson, Ohio
SDV5GU5SGYVE4Z35NXDTOZHBJU;USA only;California
SDX5YZ7HBOMHHTECDG3P7NUBEY;Undetermined;none
SE7URHP4EM2ZGTNCNNVWKJJM3Y;Undetermined;none
SEFI25W5CDMESOWEHKS2NT2U7Q;Undetermined;none
SEMDRGJBZ73W4CP6I3CHPJ6JQM;Non-USA;Manitoba, Canada,Gibraltar
SF3JHJBERX7IWPHZERBHGCFU4I;USA only;California
SF4CH4L7NY2KCRD6M5BC5BO6J4;Non-USA;England
SG6EOTOE5OYHDZ5DY6Q5BVVMVQ;USA only;Texas 
SGCOTOQ4F4IDRG3WBH5FTVBVPQ;USA only;Alexandria, Virginia
SGIB7FP4CEKLFNSACPKB6YFZVA;Undetermined;none
SGTHNXEBACPMMRM7RI4ZV77HWU;USA only;Princeton, New Jersey
SGXDO76BJ5Q2DG6K3GEM3KBNRU;Undetermined;none
SHV5AX3QCPWXCNDFWBOSNDL6ZE;World;trinidad and tobago,US
SHWYIQ2QAEQQQ2536APLKWTGMI;USA only;California
SJ2JPLSG6AR7RV4SWXS36KHDBE;USA only; Minnesota
SJKLEQ3FOOLJJCFBYP7L3JYXDM;Non-USA;Ireland
SKFKHAO6DL6RT5OBTHB3734YG4;USA only;Buffalo, New York
SKK6ZX47WHYTFKO5VBYO6WMBII;Undetermined;none
SKPF6QNYWWN5EHYFDSSLIYLBAA;USA only;Austin, Texas
SMGHPY5HWD5D7TQRWCR3WI52AQ;Non-USA;South America
SMN2IG74CIWWFAMBZFMBPRURNI;USA only;oregon
SMPDJU3ITFWEEJWWDTSF52FAWI;Undetermined;none
SN6GKYFDEHDQFRCRGHPQBBHC5Q;Non-USA; England
SNLT2ZYXIKB5KMFHZ4R3C7OEGE;USA only; St. Albans, Vermont
SNY6QUK3DCSMBQ5RLQNBZ2KE2I;USA only;Miami Beach
SQ26ZPDZYKXITOBAOFRUYO5BLQ;Non-USA;Canada
SQ3OTRKAF2JOB6Z3HG6B4DWIQQ;Non-USA;India
SQ6LTESLDXM5N6EO2MXR5EKEL4;USA only;Santa Cruz, California
SQMQEXVSF5X27W2VHLZ5PUUC2U;Non-USA;singapore
SQNXXVGAJ7BZDFXTOEHQ33SXCA;Non-USA;Leeds, UK 
SQORMMUFVTH4HCVVXZ2YJCVN7E;Non-USA;Japan
SRKSGYB3CNQNZOV4VQDKEJF4P4;Non-USA;India
SSXI6557VCAGL4TXOSLQND5UTM;Undetermined;none
SSZAQMKFD4IR342AQR7VOJUY6U;USA only; California
ST4Q3ADVBX2AS57VR52PPF5QSE;Undetermined;none
STJIDDOVO6WN6SKFJAMQFTCPVE;Undetermined;none
STWJTIXPWUNO45WX3L7VOTUDGI;USA only;massachusetts 
SUC52DQNHWR5EH7DJZ4SG32Y4Q;World;Germany, California
SUP2KROFTFS2ZQ2XPVQA2EJCAA;USA only;Grand Rapids
SVZVMAT2NGUPJUBTRJXYXK2FNE;Undetermined;none
SX5V3I2XXDLTINZJ5Z7FSRGYXM;Non-USA;Ireland
SXB7LRMYAINJKUE75QQCQL7C2I;Non-USA;england
SXFGTGSDBWF6STLJS2I5PYLBGY;Non-USA; Blackburn Hamlet, Ottawa,Canada
SXXZA2RZYL7IR5YYIH4LKSAVGM;Non-USA;philippines
SZO5ANVI4S7YTULGAJA5VLY7AA;USA only;US
SZY4GPZWKDX7D2EB4VDRLKXUJY;Undetermined;none
T2BBWWV2R4DP3OJCR3XDJUI3DA;Undetermined;none
T2JVWZWQ7OTLQOW7FBUICQH63M;USA only;Hawaii
T2NBPXINBFGJGJSVO7CS3NS7IA;Non-USA;Greece,Athens
T3NCSDVDPXKMW5EH5XJCRKDCA4;Undetermined;none
T46XVZ4KS2DQ6EXGWMSREINRIE;Non-USA;Paranaque, Philippines
T4KWKTN2ST4INJA444CEB2XEGY;USA only;US
T5FHD7JX4YURI7HVMB73DQ3RSI;USA only;Texas
T5HOXQSD5VOCWF23TMCHJZTBAI;USA only;St.Louis, Missouri,Ohio
T5SKLJTENPLX57PZSPHH4QE7ZM;Undetermined;none
T5UKDJT5ZDYLNXK4YXT7JCUO2Y;USA only;Tennessee
T6GZ4AGHOIIYXFUFTFFBNLLKZA;Non-USA;Lancashire
T6JFHIOSDKHDO4FVJCEB6JNGF4;Non-USA;Australia
T7S4FD65TKODGXDFMLMSIP5NFQ;USA only;Eagan ,Minnesota
TANNNZV6CRBR4Y27YPV6M4K7BQ;USA only;California
TAPPIWUHGPNMY4W5ADGL3GCLG4;USA only;Minnesota
TAQHOCBD57BTRDRFX573R7YZ7E;Non-USA;Garden city, INDIA
TBW5NMOMRJ2GT4YS3LPPB5HPJE;USA only;Bowling Green ,Kentucky
TD35R6WM32LFSUKWIH7NOZK7PY;Undetermined;none
TD46YBSBYOXRLTDURFG34IS4DE;Non-USA;Manchester
TDCCOEE4736LZNDZ5PIXB2VLP4;Non-USA;Ireland, Africa
TDRZEVPFD4HFBOHGJRR4CP7Z6Q;Non-USA;Winschoten,Netherlands
TDZ7LME5OLYX5Z23DGFZICUBBU;Non-USA;Hampshire
TEGTIZD3ZK55BX7O7B7DKL6RBM;USA only;New Jersey
TELOQB5VTC2FCP4JEIN4DVZEUQ;USA only;alabama
TF7JHB67ABQ6EJNBRYZKCUM3EQ;USA only;Us
TFRMMLZCXSQSMSGBJOQ5SJHLKA;USA only;Georgia
TFSWCE6N4LPBVV7HQTNJDGAOEI;USA only;San jose, California
TFXB2ER7UQUHJCWQJM4T5ZBLGU;Non-USA;Glasgow,Scotlan,England
TGAVMDS2EAOORB5HBSXKYCXCHM;USA only;central illinois
TGULYQUI3DYB2L2WU4VZLKRQQ4;USA only;South carolina
TH6B7RH6F4RB5W7KOF3RL26HRU;USA only;California , Vegas
THCDDHZM4OIHWTDLOVDLSSK34Y;USA only;Buffalo,New Jersey
TJ2RYLFXOHE3TYHMSYY6OJ36KA;Undetermined;none
TJMRE5IZ5WWKDBCRSHIHXIOWCU;Non-USA;India
TJUAV675SCUY3O4CKP53Q2MN2E;World;Alameda, San Francisco, England
TK7BCXPPG4GQT45FZ7SOCZLP4I;World;Germany, France, Italy, Yugoslavia, England, Australia, Hong Kong, Singapore, Malaysia, Macau, Japan, China, India, Canada, US
TLAUPOPZC5WJVQLXDEFX5YBTQ4;USA only;Gladwin,Michigan
TLIE3H53ZPXQCBALEFVSPM5VSQ;USA only;California
TLIIRJDDEIABELEGHD6HH3FWAM;Non-USA;England , lebanon
TLMT22OYK72FDOBXUZZQTLHB3I;USA only;Alaska,Washington
TLTM6EDWYHKYSAD4TUOXU232VY;Undetermined;none
TMC2YLQWJV26YUZZYOQVBJMZUY;Non-USA;Poland
TMTGKHQXTINND3SSF6KFNFCJZE;Undetermined;none
TN7A4ZUK7WJFJXTYTILA7CRPWA;USA only;Fair Grove,Missouri,Alaska
TNI43QDXEZ2ZSXKX4XEUOC2TGY;Undetermined;none
TO5LHVNINEWKHMELOX4TSTGAXU;USA only;San Diego
TOEXOO3OWASLTXYV3KR7RXJMHE;Non-USA;Eastern Ontario
TONXEDKBSIYM3LYMLCVI4UBTBM;USA only;Chicago , Illinois
TPQNDINF52U3WFBVW7SW7UWIDY;Undetermined;none
TQ25OZHTVYVMNXXMBUFPKV6QYY;USA only;US
TQ7AGUXD4DRNFYEGWNK5H6OKXA;USA only;Brooklyn ,New York
TQAK34OMKCSW4K57DOJN25K33M;USA only;Georgia
TRKU4W5Z4ZBEIE5KJWTGDJQXVU;Undetermined;none
TTURY3KRIFDQBOXIZA5FNMDUBM;Undetermined;none
TTYKLBNMMH4WCXCNZCMSMMSKZU;Undetermined;none
TTZEVQ23UXT5B7GVJZUOSVJKHU;USA only;Texas
TUMZUNF2TVSN33BIPOKBYB5BUY;Non-USA;Puerto Rico
TUY4F6UGRM4I26MLZKA4KHL4D4;Undetermined;none
TWMFN73JPIQYZMGO6LC6Q5ISMA;Undetermined;none
TWNMFL5FWJYYPK6OVXLVTRKDCY;Undetermined;none
TZ4BQUX5H7K7ROWRILPX4PSN4Y;USA only;New York
TZ7KTHTN3POEFHQBB7SKWSCJFA;Non-USA;ahmedabad
TZGE3RGBE6LE2ZV75DMFSPPNDA;Undetermined;none
U2HZXRGIIFMOCCJ3CQOFVSSSAY;Non-USA; Glasgow
U2JX6DAKEGFPFKV46YBWKNRX4A;USA only;Florida
U2TEWMEX3KPDXMH775SQVDOCKE;USA only;San Francisco
U2XTIH6YYBGAYJ2PRUTUNOHLCY;Non-USA;Tasmania, Australia
U33SSURFZ2P6CSXTFVCVTYOQPA;Undetermined;none
U3G6Z2Y6SVQV7YB3QBVIYW2BQA;Undetermined;none
U3RVIXP5RYESD7KSMATI4UKNQQ;Undetermined;none
U4C2ED2RM7LEY67XLDOKDZITB4;Non-USA;malaysia ,New Zealand 
U4IM35PTPF6BK62QCGRJ5U57H4;USA only;Appalachian, Maryland
U5BR4T5HMLYBPE4KUBUMMP4RV4;Undetermined;none
U5I72WWDWUIKA4N2DCCOY6IXOE;USA only;Florida
U5LZ3OTSF6446VYZMFVORVJEQQ;Undetermined;none
U5OLZUX4VD2SOVDYGCQ5D4C6FA;Undetermined;none
U6HTIGL5NEF5KUKVRXRGPKLNH4;USA only;US
U6PXAIITYTMS2DLLDWXLDIDGHY;USA only;Utah,Texas
U6S6VFWSEV3U6QERCEP54RRBSA;World;Los Angeles,Egypt
U6TPSVOW4HNYRYKTEAPKFNAX6Q;Non-USA;Portugal
U7WQRFMXX6VZALKAI2LB6OVVZQ;USA only;Florida
UA5T3DRWDPYNVK2AVAGINXEDLQ;Undetermined;none
UAIJYXEMELX63JVULKB4T4XPFA;Undetermined;none
UAXWNHV2WNZCTMKUYNC2BP2BCI;Non-USA;Toronto,Ontario, Canada
UB3IE5YT2E3JEUQPDAQTTVHYIU;Undetermined;none
UBMULMMFKBOCAPKFATJOSGWMOM;Non-USA;Dublin
UBTDMCZNRJGV7YZ2C7J45V7XOQ;Non-USA;Dasma City, Cavite, Philippines
UDK5HQOMH6TJHKXKGYY4KFEJ7A;Non-USA;malaysia
UE4U3U54VF2H3R3VPPCDSRUKII;Undetermined;none
UEAZX2AUA47XAU4RDIOZ7QTXNY;Undetermined;none
UEY4N3VJL35MMID5TWT2BLN6TM;USA only;Granite Falls, Washingtion
UFJDJ5BGBD67CCFA47MEZH64NQ;Non-USA;Australia
UFLB4J3PV67EU4HRGLS3736ZHU;Undetermined;none
UFXE7QO6QQFMX5W2TBCDKSFSRU;Undetermined;none
UHAYN5XB42ZXBKUHKBFJ7LAC54;USA only;michigan
UHCXXOJ5MFPR6YU37T5BE7SMLM;USA only;New York City
UHNALMC4C435X4CK7UFK3UCMWY;USA only;Baltimore
UHQVTEVAJFDLIIUC56F3HFT4LU;World;Alaska ,Ecuador
UIRRXEPJC6IW63YAXAJWOT2E64;USA only;US
UIWWK2N7KFNBPTMXA6WTD25QF4;Undetermined;none
UJ2LBRVEFT2KOS4AII2NWJPNP4;Non-USA;Hyderabad,Warangal
UJKVLWGKCYFO4BKINOCUMLNDLU;Non-USA;West Yorkshire, England
UJWUF5TTSRWMTYU6SCAR43GIJE;Non-USA;England
UJXUNFDUCPTJWWMMY2ZTVMJWFM;Non-USA; India
UK7KPARXXKEEPU7MGZH4DZ3C6M;Non-USA;sheffield,UK
UKBO7VO26EFSEMI2JD3FCVPIS4;Undetermined;none
UKDZBJ5XAPXGHN2CDPUZQHDCQQ;USA only;EAST POINT, GEORGIA
ULSEQTMP5YS4JZTQX5PA4RA2XU;USA only;Chicago
ULZJAPFTEQWZO63QJIF3VURSLE;World; Italia,Puerto rico
UM6VKSKUQ2LNTMLOK6F3JYLLUI;USA only;North Carolina
UMDADGBXBDE5YLQZB2TQIEIFRM;Undetermined;none
UMGGUNEYQWISINOHMVBQL5QL4Q;World; Mons,belgium,Us
UMHPWWGDXEZXJKVF2Q76MRDHQA;Undetermined;none
UN2CMOPPANK62UUPQLBF7H425I;USA only;California
UNDMVZECIMATKW5NBDXOXKXAGA;USA only;Pennsylvania,Trenton, New Jersey
UNWOQW3FLBII76CBP2GSJDRD7U;Undetermined;none
UO5UYHNDFOYGQ5VCH2Z6L3ZDL4;Non-USA;England
UOABYPOS24MPTN5J5WM2Z2QXNY;USA only; New York,Boston
UP4CV6EC23NHJISUT5CQLRB6RA;USA only;Denver
UPGLWXA4AHR2L6B5NWTW3EVLVY;Non-USA;England
UPWKX334SR5V3YYZIEAOT22HDE;USA only;Missouri
URN5QTAEPWOJJNRZXQ6JU2VTY4;USA only;Rhode Island
URY7I3WJKTPIUWDINQNZWTVV4M;Undetermined;none
USR47DNGOW5QC2KMCGZGHFHJTM;Non-USA; Australia
UTCH74JFXRJ5UMXB2NE3UBHAXI;Undetermined;none
UV4JKDXIECE3WLRNURHLIMV62I;USA only;Utah ,Austin
UVGTGP5CXJROJSXPC4U3BWNXTA;Undetermined;none
UVOQBPVUAE5BEJU2OHOOLCL4QE;Undetermined;none
UXFNPT6CFAKOFSSKX3V43BSKTQ;USA only;Costa Mesa, California
UXM4PFWA63M7S6KSRISU5J7FUE;Non-USA;Australia
UXQRPARLQJ73ZH4ATVRQBOTB2I;USA only;California
UXYGK4TDKCE5XMFM5NQ4ZJU7E4;USA only;Illinois
UYLUUVQJVEIQQKVAUKJZKDTB5Y;Non-USA;Wanganui, New Zealand
UYORATF4B6HMSWKM7EIMG7X4LI;Undetermined;none
UYQDEM5JR3ETEUXI6YT7XWIUOQ;Non-USA;SHAKA CITY, BANGLADESH
UYXUC35MQAKOXT3SEQROB5IHQY;Non-USA;Yorkshire, UK
UZEPFR2TJC7DVM2KH4YN25RUNQ;Undetermined;none
V26XS3B3CIQYZCIWDBKVP7N3HY;USA only;California
V2FEAOSC3ZSIJGYXDVMQRN4W2E;USA only;San Francisco
V2YADBUPEPWBUUTF2J7ESI42Y4;Non-USA;Canada
V2YY7I53GBQAMWPXE732KQZWKE;USA only;California
V3YCJFDYWDUU3MBBBDXD2THAFY;USA only;Wisconsin
V4MRSYMZTYXZTDHI2CCAZWFOQU;USA only; Indiana
V4RN653JLTLMFQ3QCPJZQELVLY;Non-USA;Cluj,Romania
V4TOHG2DIIFN523ZNQXHLCIJYM;Non-USA;east midlands, UK
V4UTW6XBMKBXZFH2WFPZWASUEE;Undetermined;none
V5NDTUT4J2CGWK2B5YJKEXTIQU;Non-USA;London,UK
V6KVJ5DVATQZN62HIJAODBPXDI;USA only;mobile ,alabama 
V6LQFQUJ72R4EPTAPGEZWL2D74;World;California, Poland,Warsaw, Canada
V7CI4MNOC7IRAGAXPZX4ZRGAUQ;Undetermined;none
VAYLQQNRUZNZJSMFZBG274RKDA;Undetermined;none
VC7INLUF7MX7ZPSFCQGAOGTPD4;USA only;California
VCOX5ZVVUI5ONHMHA6CFRIGO5U;USA only;virginia
VDI45ZQSCZEV55EZXAX43DZYUQ;Non-USA;Glasgow, Scotland
VDWSWXJZIAVUXMLS6CWNAQZYP4;Undetermined;none
VE4DY4Y7FST4HBI2D67BYBOEXQ;USA only; Buffalo
VEZGASME2KD7J6W3F4HIL7ZD5M;Non-USA; Malaysia
VFHXVXF2E2BIHSYBFPTF2522AI;USA only;Memephis, Tennessee
VFTROYAQWEQEBSCF77UG4SKUKM;Undetermined;none
VGN7GAOR4ZTZWU5LATQ32JRAR4;Undetermined;none
VGXKYANPJ56MOBX6XKBCCP2TBQ;USA only;New Hampshire
VGZ5APPYPX7JEFQN6ERDPS7V6A;Undetermined;none
VHAHCZ5NXFHLIOGB45BFCPQAIM;World;Seattle, Washington , Indonesia
VHJ7S74QB7OWOTN3UU2IK3ZEHI;Non-USA;CANADA
VI3WUNHP54H3OVGBWXQKIQFCFE;Non-USA;UK
VIJCXXCGOJ3W2ZZ6Q4PXE5FZYE;Non-USA;ethiopia, kenya
VIPJKVA4Z3FVCYQGMQPIJSWA6I;USA only;Florida
VISOUZO4OIQSV4FETZMAUMNWYA;USA only;Detroit, Michigan,North Carolina
VIU3O5U23DZLCQWEMO7VOFSGMA;USA only;woodbury, Minnesota
VIV7S5OML547L4RJ7FC632ULHM;Undetermined;none
VJMBR5HYMZWWFZWVXXWJEATBKE;Undetermined;none
VK3R37HXDYWZ7MOHLK7WLBOPKA;USA only;Montana
VKAVEV4SBTMP26HOQW34EXPU3E;USA only; Florida
VKPZPK6UU2H4JPPDK3Y4YMAFRU;Non-USA;Indonesia
VLHHIV3P76C4IMQ6YOMLY5DONM;USA only;Florida 
VLP3CDZOAUTMSXFL7LUMPQMPTQ;Non-USA;Scotland
VME2O5NQCQX3L3DJG5TERTFQXY;USA only;Round Hill, Virginia
VMF4PTVFUB5XKWB6TZBCYMI3L4;Non-USA;Ireland,Manchester
VNDW4QQ6HXLMKJ3CIOGKIRZZAU;USA only;Miami ,Florida
VNGWVMJNJDE4KJNGHMWQ3I5MFM;Non-USA;canada
VOIG23NIODI4SO2MCJWPR56UJ4;USA only;Houston, Texas,Chicago, Illinois
VQSTMMIEBOGC3I32C6U5A3BUCQ;Non-USA;India
VR2V7FDWPMTE5HFRVELV2FYHQQ;Non-USA;England
VSFGZUJGLJBLMUKEZV2VGTHADU;USA only;Rhode Island
VTBZVMGMUGKDI52ZZYEBO7RWI4;Undetermined;none
VTJORCOHRL5HHTXNAQJO4JX6XA;Undetermined;none
VTSTFQOPEX7H6AVIHNGEH4GZGI;USA only;Georgia
VU2CJJMKLBVBOYYH6BA6AKPYFA;USA only;Ohio
VU3F434GWIWRDY7MEQJKU3DQFQ;Non-USA;wales 
VUACN6PHX7V7FVGAAHJOLCJCPU;Non-USA;Chennai , India 
VULAZ6LD5T4M42XJCWUUVEE4BI;Non-USA;London
VV3U72GYWDZIUKMOYTAM53JCDY;Non-USA;UK
VVGA4ALQJUYZ4X24AXPRF7XKWE;Undetermined;none
VWAYVXJYKRCBLCFYMEFFOZQK4Q;USA only; Philadelphia 
VWQW5B3B6R73TXVT7K2YGQA7VU;Undetermined;none
VX4O7DRPQEAMOC2CD27NCPH6BQ;Non-USA;Pune, India
VXRCUNQB3M4L5ZBUCXTIEYXHRU;Non-USA;Scotland
VXV2XBWRBJD2IVRIQAWLZUAZ2A;Undetermined;none
VY4RQCNLVIXI27HLEPNA6PXDUE;USA only;US
W3DQZTV5NTG2K3Y5DYRMPK4EIY;USA only; Michigan
W3JL4KVEXIGVF4ITR6Y64BVERI;Non-USA;Maldives
W3OKQ7ZBLRGOV2OMCO3PXEPOKA;USA only;Midwest
W4MJH4YINKGQPL4AIGS2KXVIBE;Non-USA;Libya,united kingdom,Livierpool
W4R3XCJ7YBJJA7FQI2TH4VQVHQ;USA only;indiana
W56B7JU4236GOBHPTGJ7U6MA2Q;Undetermined;none
W5AELJQMWEGWD42LSSADU4QB3A;Non-USA;Polperro, Cornwall
W5QTLUSHZBU6MT4XQQ27A2YTVA;Non-USA;New Zealand
W5YMTQDJ4IAYXPF4BPRUDEYW3M;Non-USA;UK
W6G43HFFVZ4E4EIEWNUUNNPTHM;World;west africa, Liberia,waterloo, iowa
WC4PO3QCKBWDGAN4636SUHCVNM;Undetermined;none
WCLRT2ZG7L5EDSEJ7GQSJLYQUQ;Undetermined;none
WCMPMXDSHNY4OYHLC5TTYSIEEM;Non-USA;Budapest, Hungary
WDA3DF57X7V7NYJQNNAXGA4RXY;Undetermined;none
WDXD7ASQ4QMIWIAXH6C5UDRELU;Non-USA;UK
WE7AFAPOBC3M5OSV2FOGTUWIQI;Undetermined;none
WEOBYBMWMUXYO2RSGWMTUAFKJA;Non-USA;Lima
WFAILK4M4A5XCZNK5P56V2T2LA;Non-USA;England
WFICM2KQ4QM2ANGWYUYJ4CNSFU;USA only;Virginia
WH5XG4NW5ML76JC3WXT33AWX7Q;USA only;Texas
WHK5FGIXW2F6GUBIFSDLUROR2I;Non-USA;Philippines
WILJO535MQQJMBULB4C27WY52E;Non-USA;Iraq
WIO2O7ZDVKXKIX4FW6CIHNTAXM;Undetermined;none
WIYPF4QUV26KB642IX3ELUWIAI;USA only;Hanover, Pennsylvania
WIYRXT2TVQ6F2SE5BUCTSXCBF4;USA only;Illinois,North Carolina,Georgia
WJVWYX27BDHBCZXBYU7ATLW3PY;Undetermined;none
WK7RLHR4UF47ND4DYPU7RN4XUM;Non-USA; egypt
WKMHAPB3RXIFQXJ4MRNPEST6VY;USA only;Missouri
WKUPYDOHR2C7EVLIPOZIEWS4BE;USA only;Pennsylvania
WL47QOWQ724P2NZOCJU776VE5E;USA only;Pittsburgh
WLKE74ROWFMLFOEACUFKX2LYF4;USA only;Columbus, Ohio
WMFJ4JA4PH7GHTLYE6V6XH34TE;Non-USA;England
WMY6YFZ7NBBPW64RCEJJQQHLGM;Non-USA;Khulna, Bangladesh
WN6SKE5WLYGTI7QRNZMPXUVPY4;USA only;california
WNE7MHKZDBSZI5G2MBHTF5DNKE;Non-USA;Romania
WOQ2XBQROSXOAJFBTYMZFVSNAA;USA only;Phoenix
WPZNGIPK2LEO2R2VZPIIT74ELE;USA only;Wisconsin
WQNFNTFMZAFGCJGSO5WDL3V32A;USA only;Seattle
WR7I35WVNUFFJ37S3U7TA4N25Q;Non-USA;Jordan
WRFHROPBP37OVUC3FRNFUVGUEM;USA only;Minnesota
WRP4TEWWUGW2JTNNWTCIYASDC4;USA only;Orlando, Florida
WSDF4EU45RAYNGDGVQYEZLAGGU;USA only;New York
WSYLRQ27ZG7LEGDMCWKVHFBVZ4;Undetermined;none
WSZUM5OZNVVQTWVFP2NMYLY7ZE;Non-USA;Ireland
WTZEUTS4Z5PE54ICIFNYYYGFWE;USA only;Scottsdale,Arizona
WU3HUOQ6J2ZPL4VKUSUGZFHH5I;USA only;Texas
WUKKRJEABBLSVQGXNPRDIWHC2I;Undetermined;none
WVBTNKFAF7BF4QFUERDLHS2GE4;USA only;US
WVBXI5B75W7GPFM5KTASBSIUY4;Non-USA;Scotland
WVDMV3U3HFKYJSBQ62AFEZ3S5I;USA only;Cocoa, Florida
WVFUOJ3VSMHYC5XMSDGTOXYNHM;USA only;Michigan
WW5PSOXFEQDRUH6TMYPCZ6GKYQ;USA only;Atlanta
WWA4OYDIXIHAFV4CE4TVQAJ74Y;Undetermined;none
WX3X4VY6S4PSKWLPVUOIWNZ5TM;World;Jamaica,US,Evanston
WX7QOS3Q46KKLND6LDHZZKEY2Y;Undetermined;none
WY4YAUEOIHA76J4FUYGHENDIOU;USA only;Virginia
WYJQVFEF3F4LWNPS4XGQNIMPVM;Non-USA;UK 
WZ7EUEIVLDAJIZ6EKXHK6VK7TY;USA only;North Carolina
WZCW77PVVNASFPRD2ZYD67XR6A;Undetermined;none
WZIMKIRLDBCQPMLPZP6X7BHNBE;Non-USA;India
WZJJURTR54ZFG7RBA2LMSGTADY;Undetermined;none
WZKJ6PVZR2INQKS674VRGECCEA;USA only;Oregon
WZOY5MXRH74Q2GKIJNMMDWBS6I;USA only;new york city
WZT55MTBKBUREMCDHOFKCBCVTA;Undetermined;none
X2RLF24NVTVT5MOTZGDVK2SYU4;Non-USA;Toronto, Ontario
X4JWIIH2AXSJWD7I5QU4KCMCR4;Non-USA;Tehran
X4NGS2WYZO52OEH5Q6M4PJZP6Y;USA only; Brooklyn
X4TINKAPEH7VZZHWP7HO4EGW4M;Non-USA;England
X52TEFZU3AUSN7H3POQOFVRNME;Non-USA;UK,Greece
X5HIZQ4GUNYQL3JU3I3B6B5CZI;Non-USA;Kuala Lumpur, Malaysia
X6WINDT774DJSUPSON6SRJTQEM;Non-USA;South London,North Norfolk
X7EVNBDAYNINC5ZQNY2YJO5YF4;Non-USA;Portugal
X7ZIU442JSWZL45TAID5RJZLDY;Non-USA;Canberra,Sydney
XA47QE7WJLNHBM3NQMUMAEWJVU;Undetermined;none
XAKBVWAD2EO3S7EFCRLMQOIZVM;Non-USA;Sydney, NSW 
XAQZGCXGVV7S5J3BQISCYNYYFY;USA only;Kittery, Maine
XB5G6D3AN6HSV7D2IYT2STNXHM;USA only;Pennsylvania
XBH4B5KJBDTV6SKB5F2KRASK2Q;USA only;Twin Cities,Minnesota
XBKAFVHNYR3OQX3KYEG7Y2X35Q;USA only;Keene, New Hampshire
XC7YM6IACIJTPMFB2LMHZQX75Y;Non-USA;mumbai
XCLYZO63OXVHDLD2SWFNRYIUOE;USA only;Rocky Mountans
XCPUKRIKFXMBVOLQIBHIDJLEGM;USA only;northeast coast 
XDF3EBHXTX4HVRGUR6ERM65U7Y;Undetermined;none
XE435GCFKIJSQAL6NRG6GAYI2U;Non-USA;Athens, Greece
XE5JPDAVFDJFKXA42ITTINP4FA;USA only;Los Angeles
XEGA64DLMIOR26IIS2R3VU3RZA;USA only;Vermont
XF44JLFIHZZSCMSZHN5WZEHQLE;USA only;Boston
XFASHCDFEBR4SG5Q2VEHANST64;World;hawaii,Philippines
XFFKQJZQ66PSVDGPKH56IAC4BQ;Non-USA;Sumatera,Indonesia
XGZJ5VY5UGOYQ6WMQSHPBB35PE;USA only;California
XHEIX3MFMK3O4XGKV7LXU7G36U;Non-USA;none
XHKW4NPJDW5NFNDKIRC3PH6PDE;Non-USA;Abu Dhabi
XI4IO7A5JQMLIBW4FAWSU4BGDU;USA only;Austin
XIMI5X42KGLW34DE2LXOSC5QAU;Non-USA;Sydney, Australia 
XJ3PKZ5GGRBR57OMIWP7SG2TJU;Non-USA;South Africa
XJLSX6LYSJOG5UV3PRSY75PYZI;Non-USA;Mexico City
XKC6QI4R63BQJWALN3FMV57KYE;USA only;Boston
XKDB2F7LIH562G3XTME2RGS3NE;USA only;Denver, Colorado
XKM2WAB6DASXI2G7IA5DCGU3WA;USA only;Texas
XKOL7GUP5EF6YOXRRYUTESBFMI;Undetermined;none
XMCHQ3DFOGVWAHLDFL5RVUPD7Q;USA only;San Jose, California
XMJFGJMASMNZ6YNB52ZT5HQLHQ;Undetermined;none
XMM74Y73FTNAWDKQRDOXJRLZRM;Non-USA;Yorkshire
XNIGV5K5N6C6AXKSYR3G76IDL4;Non-USA;mauritius
XNQMWI3YDDCCQQPJ5IPLRJJAKI;Non-USA;dublin 
XOHB653RJF7TJVVLYG35OXE3RQ;USA only;chico california
XOV7ID3OTUCQXG3FJBWRATUQ6I;Non-USA; London
XPCROUCW4LPQIQLFDJ3XZFH3T4;Non-USA;Belgrade, Serbia
XPHQSPJVR4ULWRLNQZJSPL7WHQ;Non-USA;Hong Kong
XPLBQE34EN7FLXE3SRLN7VECBU;USA only;Florida 
XR4AX2A3N3TLKHORLTYHSZ6SA4;Undetermined;none
XRNGVTGGDLODIIJ2YCL3UFIFUM;USA only;Phoenix
XT3M5LCHG6WEIMPNASK36527JI;USA only;Indiana
XTFUDFNYRLGYKXEHU2KDFC22QM;USA only;Murray, Kentucky
XTO2UNU3FBKD3WWW23L2TB7V3A;USA only;San Marcos
XVC7LS3UOK4LNRBRWPYCS7QKLM;Undetermined;none
XVHYCVGSYFWEQ2FWE6BZYYJ6XQ;Undetermined;none
XVRA3HVK73PIY6EPHR52DAJYTA;USA only;florida
XVRJ3Q5OKIKDNIZ3YDXCOW55VE;USA only;Gainesville, Georgia
XW3R3FOCXCFYUFBNTHJGCGYNUE;Non-USA;Philippines 
XWFOG7LZXITSF5EYKGUSD2JN3M;USA only; Roswell, Georgia
XXN7HX7DKDBKB3242EEGBZIBL4;USA only;San Francisco, New York
XY3FUP2WY6ATZXJXPZZQDT3BPQ;Undetermined;none
XY62LF7NZ42TCTANZCJUEDEWDY;Non-USA;Kelowna, British Columbia
XYA7CGAOEGYW6U7V45BXLU2CGM;USA only;New England, Connecticut
XYFWSPIRNHEHTJQQ56MZJ7K3JE;USA only;Denver,Colorado 
XYGXWAVU5YTJUGCSG6VP35V66U;USA only;Alaska
XYQLCSXDTJXUZOZPLXUN7JJ2CE;USA only;Minnesota
Y26AUREMM4RFJDMWPAC7UA7JOA;Undetermined;none
Y2YA3AY4EL4R3GJSBTVMUEQYVU;USA only;Chicago, Illinois
Y3XAQMPXGWSBSBFAS64H5ZUOXQ;USA only;Tennessee
Y4I46Z4QXMK66E3OBOGW5SKTBA;USA only;New York
Y6MHXYJBOI2QJFWK4UWZ6MFPMQ;Undetermined;none
Y6TJ4OZU66AQBOXAXIJ4SK2UMM;Undetermined;none
Y7ZV6Q6B5JI7I2YITDRCLEMYDI;Non-USA;leeds
YBH2BFVKDRRZLSHHTMYS4KPH7A;Undetermined;none
YBV7PWA7Q4DRM343HUKUR7DRXI;Undetermined;none
YCIXZMMXT77PAUUQDYKSO7WVBI;USA only;Hawaii
YCTEJ6STU7JQMR3RSHGTO5WFPM;USA only;durham
YCYVSSZTQNOFTJNX3WMIC4DKX4;Undetermined;none
YDXE3BQMIDBIDVKGW4M73RGNX4;USA only;Tennessee
YDZ6IOZ77XTV2OGNWLBLITRGJY;Non-USA; nottingham
YEF52LJYCL4O5NAV2552WGJESI;Undetermined;none
YF22AOINLICPSZMFTJDGBNYB44;USA only;Los Angeles
YG6LDLSCVXXC2M5LHBIHRL6SNY;USA only;miami, Florida,Norfolk,Virginia
YH4WAHQKGKXV5KCIYBYH7AU7NY;USA only;California
YHKS2F6PGSUEUXXM3SYHX7LYGQ;USA only;Brooklyn , New York, Florida
YHPULFJFD4T4LZEP47Z3W45QXI;USA only;Georgia
YI222XVSZ3W2IGHCQVIJVJCFYI;USA only;J-Ville, Florida
YJ7ATCZVN4SGNOV3JNGR7EDBUY;USA only;US
YJDVAUT4PSMU7YZAUA6NDVTVTU;Non-USA;Egypt, sudan,cairo
YLMFEUUZU5L6UKCT4U2G4HBRTE;Undetermined;none
YLRLYN7QXGBIL6YI5RKQYFGFX4;Non-USA;Belize
YLX5LNE3Q6A4A3BRWITBYNSRTA;Non-USA;south america 
YNLUBCE2T67Z7PDUSDZWBYSQ34;USA only;California
YNRM733QUQMWHVIP7ARKTBWZJE;Non-USA;Canada,BC
YNSELL5A77WVOMAEQLA3LS654A;USA only;North Carolina
YOJCQCWW24PKNCUSJIUKF6WEII;Non-USA;Delhi
YOJN4AVGDMN5E2EDR6HZPO7VUQ;Non-USA;Jalisco, Puebla
YPMMLDEQ72DLDOISHUDKSWW4SQ;Non-USA;Malaysian,Petaling Jaya, Selangor
YPMPZTSQ5QQJ2ISNVMDYF2AB4A;Undetermined;none
YPZ6MYFLAVRJM6N2BDNFB34434;USA only;Connecticut
YQTHEROP4XYPTKIMJW7W7BDVOA;USA only;Texas
YS4PQAGMPZP2OHRBGFDWYTCYXI;USA only;Kentucky,Oregon
YSAVXYN2I6GJSD7PC5DO22PO4I;USA only;Bakersfield,California
YT6WP3JQBZSJI2EUBI2OHURS74;Undetermined;none
YU5CCCNHK5UJRCH2USGMQVBDDQ;Undetermined;none
YUDYTB6LFADBCN77HYSMGXB334;Undetermined;none
YUJUAXDWYVV6AQEFS37WOQPECU;Non-USA;Canada,UK
YUQ6RNPIVX4IUHI7CRCYKHXFCE;USA only;Los Angeles, California
YUY5GKJSDQ6GKMHC2DMCJW6WMQ;Undetermined;none
YVHMTRY2TETBMQVZDYXPMQ2VA4;Non-USA;Iran
YW7WXDKXCFHFMONC7343EEZFVA;Non-USA;Australia
YWEQKTHP2NSFUXOHBZPURGPVMU;Non-USA;Cape Town, South Africa,Netherlands
YX3W7CKM64D5T2HSFWJO4HQFVE;Undetermined;none
YXFX5RRPGNVT63TWENZL7C6QFY;Non-USA;Wales
YXIKFDHMKD2JHMZSDGE3BCCX6A;USA only;US
YXX42AGJKF35MQHUWGWKFODDJA;Undetermined;none
YY35JNGWXDR42NQQDTVRKHP6BY;Non-USA;London
YYNBVTGA62PGX7766624BH3GOA;Non-USA;Egypt
YYQKFGSBYMNKK6YKFVC2AFUM3I;USA only;Texas,New York,Oklahoma,Pennsylvania
YYY4PPHPTK7SJFTLJEJQ2HGJXE;Non-USA;Canberra,Australia
YZ4QJ3TUYD2QBCMZRNIIPF2VAA;Non-USA;Ireland
YZWJPXW5R6XSDMFRSUR5VQQZ5Y;Non-USA;tonbridge,kent
YZWZHZSWNQWDI6S7PUMZRPGZFA;USA only;US
YZZCHI4AETCE37TD52TIMKGO5E;Undetermined;none
Z26STM4BV5RO4PK7LUFOR4F4PM;Undetermined;none
Z2732EYGRLMJJIEACMWMHSKUSQ;USA only;North Carolina
Z2MC3IQ7ISY7SUQC3WXBN3LVCM;Non-USA;So Paulo, SP 
Z4C7UQRT42WLD2ZIKWPILDJEUM;Undetermined;none
Z4SBBLVRTVVEXEKGJF3MBNROLU;Undetermined;none
Z4WYGTPMY6QXTOTVKWRDYS7DKM;Non-USA;Delhi,India
Z5437U7SR2CWYYL7BIFUCVAIJ4;Undetermined;none
Z55EWJM6HDFYTHGWZ7OBTNE73Y;Non-USA;Manchester,Glossop
Z55LI7TKZZMDHNO726SSNH554U;Non-USA;Toronto, Ontario
Z5DBP7GQ4WU6FHUHHEHOGV3EIU;Undetermined;none
Z67GGITOBGCQVMJHEEYYKRBP74;Non-USA;South Korea
Z6MTQKWKEST7CZYRDLUYSVJ7N4;Undetermined;none
Z7SI5L5D6XPBTCUKJNOMWQUUYA;USA only;Arizona
ZAPBTF4X2NKS4YTXKMRBYGP7AA;Undetermined;none
ZAQSTJDAMXQUQF3LRAHIKTWXCM;USA only;Arkansas
ZB5BJHUKWZKK7RCPDI7REAO4QY;Undetermined;none
ZBASGKGVOSCI2UOBWKF4HTJC3E;Non-USA;UK
ZBBCWR3SZMTTOYY2O5YSXVW6CU;Undetermined;none
ZBCAUOF6SM5R6ODX5KZIU5F27U;Undetermined;none
ZBGO7XWOBYEJZ37UKKDTOSVV64;Non-USA;Romania
ZCBO4N4K5UC7BXPHSEEN7HNO5E;USA only;Chicago
ZCEMEVSDRVL5YJBYGX2APLAKPQ;USA only;Manhattan
ZCW3Q2RKH4D5BK2KWLKKSHSO6I;World;Iraq,Missouri
ZCWFCIHLF5YA7I4575OQMHIMYE;Non-USA;Yokohama, Japan
ZDDXXBHGFOHBXJH2W7XJ52FQ5I;USA only;Denver, Colorado
ZDFQCKFFI44RIOFEHSZ6URODPQ;Undetermined;none
ZDLUULGITJZOEKIYGOBOPRO4JA;USA only;Utah
ZDRGXD7B2LB73B6565DCURR3RY;Undetermined;none
ZDZRTJ3OAWVZMZAM2ZUL3ZOZYM;World;Florida,Spain
ZEEZZ3CIZOIYWEGF2M7DQ43LWU;Non-USA;Philippines,Pangasinan
ZEOQZWCHWUWWXZNHP5QR3PTYWU;Non-USA;Cariboo
ZFB454UBEBCUQ65GEUQJ7SN6JU;Undetermined;none
ZFH7WFIRMKJY7C2CF24JRXOMY4;Non-USA; Indor ,India
ZG7UKMM76JV2XHQTW6IJUTGS3E;Non-USA;Japan
ZHN32GER37RH5W54VWWDJIS7PI;USA only;Phoenix
ZISQAW2OHZDH7JFOIIDU3KFC7Y;Non-USA;Northern Ireland
ZIYRQ5UI3SVKXEEYUG37J2APME;Undetermined;none
ZJFKAYYKUROH45THHUXILSFZJE;USA only;Pennsylvania
ZK53AWXCH32OFIQDZ24JYNBJZU;Non-USA;England
ZKA7UUKA3AXGUGAOEITYVZJTOA;USA only;Washington,Alaska
ZKZUUCVR7H63HZQS4KROPSAQSQ;Undetermined;none
ZLF3JHZMRWISJJDPFY4LRCYUBM;USA only;California
ZM6IXRKGWE27GBPCTK5TIYTM7M;USA only;Indiana,Terre Haute,Cincinnati,Ohio
ZMEEON5OFF7NODP5TKHEZWLOVE;Non-USA;Romania
ZMQ6MPH2RFZ2JOE63BT4UEQ5GU;Undetermined;none
ZMQAV56R7SIF3WTPDRST2KKDJ4;USA only;US
ZN33S6BC6A7A3OQVQRAPDEHPCU;Non-USA;Bombay
ZN5NBRFOJKW27JRWBLHMOVLWH4;USA only;Alabama 
ZNBJ5FTSNZEISVE6SMPH52L7XA;Undetermined;none
ZNI4B2HNVAPKNMVZY6SEWTU56A;USA only;California
ZNNR5AUNVUV4TWPQYQ6EDEYBQA;Undetermined;none
ZNPDTNVC4VMFO242A2BKC5VAJI;USA only;Omaha, Nebraska
ZNTCO3SPGAJ6ESCKT4LIRKM7HI;USA only;Indiana
ZOZ64IZD6SNVNL766L4JPIHCJE;Non-USA;Ottawa
ZPK7HFXST4LG2NSMLQDSMIJ27U;USA only;New York
ZPZ62II7VT47K7C4UOWTVZA2OE;Undetermined;none
ZRF2PF7VXIUXLEKO66F3RKWKEI;Non-USA;NZ
ZRHGZLHKYYIEEKLGZBGGNVN5PE;Non-USA;India
ZROMC425U5POFPF2OQ2KGMES54;World;Puerto Rico , Springfield
ZS3LA4ETQLGQ36VCCQPNZWCSVY;USA only;Pennsylvania
ZSMB52TK2C24U57RKAHOS7JLR4;Undetermined;none
ZT44VTHDHAWQVBCVBFZSKGUQCQ;Undetermined;none
ZUGDEF3SGL3UKQ25EJIRMWTDRU;Undetermined;none
ZUJNR4ESAS4Y5NNDDOX746HJNI;Non-USA;London
ZVBF7M2PWGQJCL3XL33GVJ2W5M;Non-USA;Canada, Australia
ZW2JNJTI7T5542MISQXGWDMOGE;USA only;Ohio
ZW3AMKMHONY6UVPDRYBL23PI2E;Non-USA;England
ZWTY5MHKVO6MCB2QYYIDNRKR7M;USA only;US
ZY36SRZ4TZC6EYR56QP6PCOVWY;USA only;North Carolina
ZYZ3ZKZ4FSRD742XBAX6EOWSS4;USA only;Grants Pass,Oregon
